trap_id,type,successful,collected_at,reporting_area,total_aegypti_caught,screening_total_aeg,screening_wmel_aeg,latitude,longitude
ASP-3U23MKVR,Aspirator,FALSE,2020-11-26 10:48:11,Comuna 1,,,,3.458972861,-76.55118477
ASP-3WQ6DML5,Aspirator,TRUE,2020-11-26 10:48:55,Comuna 1,2,2,2,3.4588066,-76.5575131
ASP-33XRR0BC,Aspirator,FALSE,2020-11-26 10:49:38,Comuna 1,,,,3.457053924,-76.56150012
ASP-QUEZ5LU5,Aspirator,TRUE,2020-11-26 10:50:21,Comuna 1,7,7,5,3.4540688,-76.5629487
ASP-3YE2DS4H,Aspirator,TRUE,2020-11-26 10:50:53,Comuna 1,0,,,3.452289392,-76.57064186
ASP-G5F0MJFE,Aspirator,FALSE,2020-11-26 10:51:16,Comuna 1,,,,3.45662712,-76.5762574
ASP-IPY6QQPV,Aspirator,FALSE,2020-11-26 10:51:46,Comuna 1,,,,3.456213448,-76.58127572
ASP-5SZE4UA4,Aspirator,FALSE,2020-11-26 10:52:16,Comuna 1,,,,3.459118444,-76.58426249
ASP-17HGK118,Aspirator,FALSE,2020-11-26 10:52:43,Comuna 1,,,,3.461689027,-76.58699175
ASP-LD6T8EVL,Aspirator,FALSE,2020-11-26 10:53:07,Comuna 1,,,,3.465465929,-76.59040677
ASP-IREL246U,Aspirator,TRUE,2020-11-26 10:53:36,Comuna 1,17,17,6,3.4577464,-76.5831649
ASP-NY6R1TX5,Aspirator,FALSE,2020-11-26 10:54:04,Comuna 1,,,,3.454631929,-76.57821436
ASP-O4K94YY6,Aspirator,TRUE,2020-12-02 10:36:22,Comuna 1,2,2,1,3.4552465,-76.5785024
ASP-IREL246U,Aspirator,TRUE,2020-12-02 10:58:25,Comuna 1,15,15,4,3.4577464,-76.5831649
ASP-0WQHS2L5,Aspirator,TRUE,2020-12-02 11:24:03,Comuna 1,6,5,2,3.4623021,-76.5879769
ASP-9HWWXDMC,Aspirator,TRUE,2020-12-02 11:49:00,Comuna 1,2,2,0,3.4541912,-76.5745823
ASP-7W5LYDO3,Aspirator,TRUE,2020-12-02 12:14:41,Comuna 1,0,,,3.4517846,-76.567373
ASP-HP9RKBAN,Aspirator,TRUE,2020-12-02 12:43:40,Comuna 1,0,,,3.4506382,-76.560413
ASP-QUEZ5LU5,Aspirator,TRUE,2020-12-02 13:24:50,Comuna 1,6,6,5,3.4540688,-76.5629487
ASP-FNIILA5P,Aspirator,TRUE,2020-12-02 13:49:57,Comuna 1,2,2,2,3.4525737,-76.564817
ASP-3WQ6DML5,Aspirator,TRUE,2020-12-02 14:06:38,Comuna 1,6,6,5,3.4588066,-76.5575131
ASP-2WRP24W3,Aspirator,TRUE,2020-12-02 14:25:24,Comuna 1,23,23,2,3.459982645,-76.56064008
ASP-AUTQH84S,Aspirator,TRUE,2020-12-02 14:49:35,Comuna 1,2,2,1,3.4571232,-76.5492282
ASP-ML6CS9D1,Aspirator,FALSE,2020-12-02 15:10:24,Comuna 1,,,,3.4548448,-76.567983
ASP-O4K94YY6,Aspirator,TRUE,2020-12-11 9:34:01,Comuna 1,2,2,0,3.4552465,-76.5785024
ASP-9HWWXDMC,Aspirator,TRUE,2020-12-11 9:42:23,Comuna 1,1,1,0,3.4541912,-76.5745823
ASP-0WQHS2L5,Aspirator,TRUE,2020-12-11 11:35:22,Comuna 1,5,5,4,3.4623021,-76.5879769
ASP-IREL246U,Aspirator,TRUE,2020-12-11 11:39:44,Comuna 1,19,19,10,3.4577464,-76.5831649
ASP-QUEZ5LU5,Aspirator,TRUE,2020-12-11 11:42:47,Comuna 1,5,5,4,3.4540688,-76.5629487
ASP-5YRX10OA,Aspirator,TRUE,2020-12-11 12:51:35,Comuna 1,3,3,2,3.4544888,-76.5533869
ASP-H65L3Q1M,Aspirator,TRUE,2020-12-11 13:10:52,Comuna 1,4,4,0,3.4522945,-76.5612814
ASP-LPH9SK1B,Aspirator,TRUE,2020-12-11 13:31:00,Comuna 1,3,3,0,3.4518034,-76.5661569
ASP-HZSEDUEN,Aspirator,TRUE,2020-12-11 13:54:44,Comuna 1,5,5,0,3.4551496,-76.5682684
ASP-2WRP24W3,Aspirator,TRUE,2020-12-11 14:22:08,Comuna 1,8,8,0,3.459982645,-76.56064008
ASP-FNIILA5P,Aspirator,TRUE,2020-12-11 14:40:15,Comuna 1,2,2,2,3.4525737,-76.564817
ASP-3WQ6DML5,Aspirator,TRUE,2020-12-11 14:42:14,Comuna 1,2,2,0,3.4588066,-76.5575131
ASP-AUTQH84S,Aspirator,TRUE,2020-12-11 14:46:07,Comuna 1,11,11,4,3.4571232,-76.5492282
ASP-0WQHS2L5,Aspirator,TRUE,2020-12-14 13:23:36,Comuna 1,3,3,2,3.4623021,-76.5879769
ASP-3WQ6DML5,Aspirator,TRUE,2020-12-14 13:24:10,Comuna 1,2,2,1,3.4588066,-76.5575131
L1,Aspirator,FALSE,2020-12-14 13:34:48,Comuna 1,,,,3.453626741,-76.55691861
L2,Aspirator,FALSE,2020-12-14 13:35:07,Comuna 1,,,,3.45312126,-76.56258344
L3,Aspirator,FALSE,2020-12-14 13:35:33,Comuna 1,,,,3.455670083,-76.56758307
L4,Aspirator,FALSE,2020-12-14 13:36:12,Comuna 1,,,,3.456291224,-76.57696008
ASP-IREL246U,Aspirator,TRUE,2020-12-14 13:39:17,Comuna 1,5,5,1,3.4577464,-76.5831649
ASP-9HWWXDMC,Aspirator,TRUE,2020-12-14 14:02:04,Comuna 1,1,1,1,3.4541912,-76.5745823
ASP-2WRP24W3,Aspirator,TRUE,2020-12-14 14:08:55,Comuna 1,16,16,1,3.459982645,-76.56064008
ASP-LPH9SK1B,Aspirator,TRUE,2020-12-14 14:13:25,Comuna 1,5,5,1,3.4518034,-76.5661569
ASP-H65L3Q1M,Aspirator,TRUE,2020-12-14 14:26:34,Comuna 1,2,2,0,3.4522945,-76.5612814
ASP-HZSEDUEN,Aspirator,TRUE,2020-12-14 14:27:35,Comuna 1,3,3,0,3.4551496,-76.5682684
ASP-AUTQH84S,Aspirator,TRUE,2020-12-14 14:52:54,Comuna 1,1,1,1,3.4571232,-76.5492282
ASP-AUTQH84S,Aspirator,TRUE,2020-12-23 13:19:41,Comuna 1,1,1,0,3.4571232,-76.5492282
ASP-FNIILA5P,Aspirator,TRUE,2020-12-23 14:00:18,Comuna 1,4,4,2,3.4525737,-76.564817
ASP-0WQHS2L5,Aspirator,TRUE,2020-12-23 14:02:44,Comuna 1,10,10,7,3.4623021,-76.5879769
ASP-IREL246U,Aspirator,TRUE,2020-12-23 14:05:58,Comuna 1,12,12,5,3.4577464,-76.5831649
ASP-O4K94YY6,Aspirator,TRUE,2020-12-23 14:07:36,Comuna 1,1,1,1,3.4552465,-76.5785024
ASP-3WQ6DML5,Aspirator,TRUE,2020-12-23 14:15:03,Comuna 1,4,4,1,3.4588066,-76.5575131
ASP-9HWWXDMC,Aspirator,TRUE,2020-12-23 14:17:16,Comuna 1,2,2,2,3.4541912,-76.5745823
ASP-LPH9SK1B,Aspirator,TRUE,2020-12-23 14:26:17,Comuna 1,24,24,9,3.4518034,-76.5661569
ASP-2WRP24W3,Aspirator,TRUE,2020-12-23 14:28:59,Comuna 1,16,16,13,3.459982645,-76.56064008
ASP-HZSEDUEN,Aspirator,TRUE,2020-12-23 14:39:43,Comuna 1,2,2,1,3.4551496,-76.5682684
ASP-H65L3Q1M,Aspirator,TRUE,2020-12-23 14:43:04,Comuna 1,10,10,5,3.4522945,-76.5612814
ASP-QUEZ5LU5,Aspirator,TRUE,2020-12-23 14:57:10,Comuna 1,2,2,1,3.4540688,-76.5629487
ASP-9HWWXDMC,Aspirator,TRUE,2020-12-29 9:10:23,Comuna 1,1,1,1,3.4541912,-76.5745823
ASP-O4K94YY6,Aspirator,TRUE,2020-12-29 9:15:26,Comuna 1,1,1,1,3.4552465,-76.5785024
ASP-QUEZ5LU5,Aspirator,TRUE,2020-12-29 9:20:25,Comuna 1,3,3,3,3.4540688,-76.5629487
ASP-IREL246U,Aspirator,TRUE,2020-12-29 9:46:35,Comuna 1,9,9,0,3.4577464,-76.5831649
ASP-0WQHS2L5,Aspirator,TRUE,2020-12-29 10:24:55,Comuna 1,3,3,0,3.4623021,-76.5879769
ASP-LPH9SK1B,Aspirator,TRUE,2020-12-29 11:09:30,Comuna 1,4,4,2,3.4518034,-76.5661569
ASP-H65L3Q1M,Aspirator,TRUE,2020-12-29 11:24:42,Comuna 1,7,7,2,3.4522945,-76.5612814
ASP-FNIILA5P,Aspirator,TRUE,2020-12-29 11:44:07,Comuna 1,2,2,0,3.4525737,-76.564817
ASP-3WQ6DML5,Aspirator,TRUE,2020-12-29 12:00:44,Comuna 1,3,3,3,3.4588066,-76.5575131
ASP-2WRP24W3,Aspirator,TRUE,2020-12-29 12:16:47,Comuna 1,14,14,5,3.459982645,-76.56064008
ASP-HZSEDUEN,Aspirator,TRUE,2020-12-29 13:18:46,Comuna 1,6,6,1,3.4551496,-76.5682684
ASP-AUTQH84S,Aspirator,TRUE,2020-12-29 13:23:06,Comuna 1,5,5,1,3.4571232,-76.5492282
ASP-QUEZ5LU5,Aspirator,TRUE,2021-01-06 8:59:39,Comuna 1,6,6,5,3.4540688,-76.5629487
ASP-FNIILA5P,Aspirator,TRUE,2021-01-06 9:03:15,Comuna 1,0,,,3.4525737,-76.564817
ASP-9HWWXDMC,Aspirator,TRUE,2021-01-06 9:21:03,Comuna 1,1,1,1,3.4541912,-76.5745823
ASP-O4K94YY6,Aspirator,TRUE,2021-01-06 10:12:45,Comuna 1,1,1,0,3.4552465,-76.5785024
ASP-IREL246U,Aspirator,TRUE,2021-01-06 10:44:26,Comuna 1,7,7,3,3.4577464,-76.5831649
ASP-0WQHS2L5,Aspirator,TRUE,2021-01-06 11:07:05,Comuna 1,1,1,1,3.4623021,-76.5879769
ASP-LPH9SK1B,Aspirator,TRUE,2021-01-06 11:25:48,Comuna 1,3,3,1,3.4518034,-76.5661569
ASP-H65L3Q1M,Aspirator,TRUE,2021-01-06 11:46:25,Comuna 1,6,6,0,3.4522945,-76.5612814
ASP-3WQ6DML5,Aspirator,TRUE,2021-01-06 11:48:06,Comuna 1,4,4,3,3.4588066,-76.5575131
ASP-AUTQH84S,Aspirator,TRUE,2021-01-06 11:56:19,Comuna 1,2,2,2,3.4571232,-76.5492282
ASP-2WRP24W3,Aspirator,TRUE,2021-01-06 12:16:50,Comuna 1,15,15,8,3.459982645,-76.56064008
ASP-HZSEDUEN,Aspirator,TRUE,2021-01-06 12:25:34,Comuna 1,7,7,5,3.4551496,-76.5682684
ASP-0WQHS2L5,Aspirator,TRUE,2021-01-18 14:01:47,Comuna 1,1,1,0,3.4623021,-76.5879769
ASP-IREL246U,Aspirator,TRUE,2021-01-18 14:03:41,Comuna 1,2,2,2,3.4577464,-76.5831649
ASP-O4K94YY6,Aspirator,TRUE,2021-01-18 14:08:01,Comuna 1,2,2,0,3.4552465,-76.5785024
ASP-9HWWXDMC,Aspirator,TRUE,2021-01-18 14:10:55,Comuna 1,0,,,3.4541912,-76.5745823
ASP-LPH9SK1B,Aspirator,TRUE,2021-01-18 14:12:58,Comuna 1,5,5,3,3.4518034,-76.5661569
ASP-H65L3Q1M,Aspirator,TRUE,2021-01-18 14:15:25,Comuna 1,8,8,1,3.4522945,-76.5612814
ASP-FNIILA5P,Aspirator,TRUE,2021-01-18 14:22:12,Comuna 1,6,5,0,3.4525737,-76.564817
ASP-AUTQH84S,Aspirator,TRUE,2021-01-18 14:31:13,Comuna 1,4,4,2,3.4571232,-76.5492282
ASP-3WQ6DML5,Aspirator,TRUE,2021-01-18 14:37:48,Comuna 1,7,7,0,3.4588066,-76.5575131
ASP-2WRP24W3,Aspirator,TRUE,2021-01-18 14:51:36,Comuna 1,4,4,3,3.459982645,-76.56064008
ASP-HZSEDUEN,Aspirator,TRUE,2021-01-18 15:18:14,Comuna 1,4,4,1,3.4551496,-76.5682684
ASP-QUEZ5LU5,Aspirator,TRUE,2021-01-18 15:29:37,Comuna 1,8,6,1,3.4540688,-76.5629487
ASP-O4K94YY6,Aspirator,TRUE,2021-01-26 10:26:39,Comuna 1,4,4,3,3.4552465,-76.5785024
ASP-9HWWXDMC,Aspirator,TRUE,2021-01-26 12:32:17,Comuna 1,1,1,1,3.4541912,-76.5745823
ASP-0WQHS2L5,Aspirator,TRUE,2021-01-26 12:33:55,Comuna 1,10,10,10,3.4623021,-76.5879769
ASP-IREL246U,Aspirator,TRUE,2021-01-26 12:35:02,Comuna 1,38,15,14,3.4577464,-76.5831649
ASP-HZSEDUEN,Aspirator,TRUE,2021-01-26 12:36:48,Comuna 1,1,1,1,3.4551496,-76.5682684
ASP-LPH9SK1B,Aspirator,TRUE,2021-01-26 12:38:10,Comuna 1,2,2,1,3.4518034,-76.5661569
ASP-H65L3Q1M,Aspirator,TRUE,2021-01-26 12:39:09,Comuna 1,13,11,10,3.4522945,-76.5612814
ASP-FNIILA5P,Aspirator,TRUE,2021-01-26 12:41:58,Comuna 1,10,10,10,3.4525737,-76.564817
ASP-QUEZ5LU5,Aspirator,TRUE,2021-01-26 12:43:32,Comuna 1,14,10,10,3.4540688,-76.5629487
ASP-3WQ6DML5,Aspirator,TRUE,2021-01-26 12:45:43,Comuna 1,28,15,15,3.4588066,-76.5575131
ASP-2WRP24W3,Aspirator,TRUE,2021-01-26 12:47:01,Comuna 1,73,20,20,3.459982645,-76.56064008
ASP-AUTQH84S,Aspirator,TRUE,2021-01-26 12:53:50,Comuna 1,3,3,3,3.4571232,-76.5492282
ASP-0WQHS2L5,Aspirator,TRUE,2021-02-01 16:31:47,Comuna 1,3,3,1,3.4623021,-76.5879769
ASP-IREL246U,Aspirator,TRUE,2021-02-01 16:33:14,Comuna 1,5,5,4,3.4577464,-76.5831649
ASP-O4K94YY6,Aspirator,TRUE,2021-02-01 16:34:19,Comuna 1,1,1,1,3.4552465,-76.5785024
ASP-9HWWXDMC,Aspirator,TRUE,2021-02-01 16:35:29,Comuna 1,1,1,0,3.4541912,-76.5745823
ASP-HZSEDUEN,Aspirator,TRUE,2021-02-01 16:36:54,Comuna 1,2,2,1,3.4551496,-76.5682684
ASP-LPH9SK1B,Aspirator,TRUE,2021-02-01 16:39:56,Comuna 1,1,1,0,3.4518034,-76.5661569
ASP-H65L3Q1M,Aspirator,TRUE,2021-02-01 16:41:45,Comuna 1,6,6,2,3.4522945,-76.5612814
ASP-3WQ6DML5,Aspirator,TRUE,2021-02-01 16:44:11,Comuna 1,3,3,3,3.4588066,-76.5575131
ASP-2WRP24W3,Aspirator,TRUE,2021-02-01 16:45:14,Comuna 1,7,7,3,3.459982645,-76.56064008
ASP-FNIILA5P,Aspirator,TRUE,2021-02-01 16:47:55,Comuna 1,1,1,0,3.4525737,-76.564817
ASP-AUTQH84S,Aspirator,TRUE,2021-02-01 16:49:21,Comuna 1,5,5,5,3.4571232,-76.5492282
ASP-QUEZ5LU5,Aspirator,TRUE,2021-02-01 16:53:02,Comuna 1,9,9,7,3.4540688,-76.5629487
ASP-O4K94YY6,Aspirator,TRUE,2021-02-10 10:22:37,Comuna 1,0,,,3.4552465,-76.5785024
ASP-9HWWXDMC,Aspirator,TRUE,2021-02-10 10:23:05,Comuna 1,2,2,0,3.4541912,-76.5745823
ASP-IREL246U,Aspirator,TRUE,2021-02-10 10:37:25,Comuna 1,3,3,1,3.4577464,-76.5831649
ASP-0WQHS2L5,Aspirator,TRUE,2021-02-10 10:58:07,Comuna 1,1,1,0,3.4623021,-76.5879769
ASP-LPH9SK1B,Aspirator,FALSE,2021-02-10 11:24:40,Comuna 1,,,,3.4518034,-76.5661569
ASP-H65L3Q1M,Aspirator,TRUE,2021-02-10 11:53:07,Comuna 1,1,1,1,3.4522945,-76.5612814
ASP-FNIILA5P,Aspirator,FALSE,2021-02-10 12:11:36,Comuna 1,,,,3.4525737,-76.564817
ASP-QUEZ5LU5,Aspirator,FALSE,2021-02-10 12:32:19,Comuna 1,,,,3.4540688,-76.5629487
ASP-HZSEDUEN,Aspirator,TRUE,2021-02-10 12:45:49,Comuna 1,2,2,1,3.4551496,-76.5682684
ASP-2WRP24W3,Aspirator,TRUE,2021-02-10 12:58:26,Comuna 1,10,10,8,3.459982645,-76.56064008
ASP-3WQ6DML5,Aspirator,TRUE,2021-02-10 13:08:06,Comuna 1,3,3,3,3.4588066,-76.5575131
ASP-AUTQH84S,Aspirator,TRUE,2021-02-10 13:09:25,Comuna 1,1,1,0,3.4571232,-76.5492282
ASP-QUEZ5LU5,Aspirator,TRUE,2021-02-15 8:06:14,Comuna 1,8,8,8,3.4540688,-76.5629487
ASP-Z8FNR6R4,Aspirator,TRUE,2021-02-15 9:23:57,Comuna 1,1,1,0,3.4543091,-76.5500953
ASP-C5MTB3WE,Aspirator,TRUE,2021-02-15 10:13:18,Comuna 1,1,1,0,3.4538371,-76.5583726
ASP-2WRP24W3,Aspirator,TRUE,2021-02-15 10:25:27,Comuna 1,6,6,4,3.459982645,-76.56064008
ASP-O4K94YY6,Aspirator,TRUE,2021-02-15 10:26:39,Comuna 1,1,1,1,3.4552465,-76.5785024
ASP-3WQ6DML5,Aspirator,TRUE,2021-02-15 10:39:51,Comuna 1,1,1,1,3.4588066,-76.5575131
ASP-AUTQH84S,Aspirator,TRUE,2021-02-15 10:41:34,Comuna 1,2,2,2,3.4571232,-76.5492282
ASP-UXYNQLPX,Aspirator,FALSE,2021-02-15 11:05:48,Comuna 1,,,,3.4529984,-76.5652379
ASP-5BARXARR,Aspirator,TRUE,2021-02-15 11:26:23,Comuna 1,1,1,1,3.4535104,-76.568324
ASP-FNIILA5P,Aspirator,TRUE,2021-02-15 11:40:35,Comuna 1,1,1,1,3.4525737,-76.564817
ASP-SE34N6AD,Aspirator,TRUE,2021-02-15 12:22:32,Comuna 1,1,1,0,3.456269,-76.5812346
ASP-HZSEDUEN,Aspirator,TRUE,2021-02-15 12:27:17,Comuna 1,5,5,0,3.4551496,-76.5682684
ASP-9HWWXDMC,Aspirator,TRUE,2021-02-15 12:41:10,Comuna 1,2,2,2,3.4541912,-76.5745823
ASP-175TE36Q,Aspirator,TRUE,2021-02-15 13:36:44,Comuna 1,2,2,2,3.4607667,-76.5859264
ASP-IREL246U,Aspirator,TRUE,2021-02-15 13:52:24,Comuna 1,11,11,8,3.4577464,-76.5831649
ASP-0WQHS2L5,Aspirator,TRUE,2021-02-15 14:09:30,Comuna 1,1,1,1,3.4623021,-76.5879769
ASP-LPH9SK1B,Aspirator,TRUE,2021-02-15 14:57:18,Comuna 1,0,,,3.4518034,-76.5661569
ASP-H65L3Q1M,Aspirator,FALSE,2021-02-15 15:22:37,Comuna 1,,,,3.4522945,-76.5612814
ASP-8SD3DR92,Aspirator,FALSE,2021-02-15 15:28:20,Comuna 1,,,,3.4511729,-76.5645186
ASP-POOS2B9A,Aspirator,TRUE,2021-02-15 15:59:31,Comuna 1,1,1,0,3.4558842,-76.5593183
ASP-FNIILA5P,Aspirator,TRUE,2021-02-23 8:14:14,Comuna 1,1,1,0,3.4525737,-76.564817
ASP-QUEZ5LU5,Aspirator,TRUE,2021-02-23 8:34:18,Comuna 1,1,1,1,3.4540688,-76.5629487
ASP-O4K94YY6,Aspirator,TRUE,2021-02-23 9:00:00,Comuna 1,0,,,3.4552465,-76.5785024
ASP-9HWWXDMC,Aspirator,FALSE,2021-02-23 9:01:14,Comuna 1,,,,3.4541912,-76.5745823
ASP-IREL246U,Aspirator,TRUE,2021-02-23 9:18:52,Comuna 1,4,4,2,3.4577464,-76.5831649
ASP-0WQHS2L5,Aspirator,TRUE,2021-02-23 9:33:07,Comuna 1,0,,,3.4623021,-76.5879769
ASP-LPH9SK1B,Aspirator,TRUE,2021-02-23 9:51:17,Comuna 1,0,,,3.4518034,-76.5661569
ASP-H65L3Q1M,Aspirator,TRUE,2021-02-23 10:10:51,Comuna 1,4,4,0,3.4522945,-76.5612814
ASP-HZSEDUEN,Aspirator,TRUE,2021-02-23 10:31:01,Comuna 1,1,1,0,3.4551496,-76.5682684
ASP-2WRP24W3,Aspirator,TRUE,2021-02-23 10:52:19,Comuna 1,7,7,4,3.459982645,-76.56064008
ASP-3WQ6DML5,Aspirator,TRUE,2021-02-23 12:22:03,Comuna 1,2,2,1,3.4588066,-76.5575131
ASP-AUTQH84S,Aspirator,TRUE,2021-02-23 12:22:41,Comuna 1,6,6,4,3.4571232,-76.5492282
ASP-Z8FNR6R4,Aspirator,FALSE,2021-02-24 8:11:43,Comuna 1,,,,3.4543091,-76.5500953
ASP-C5MTB3WE,Aspirator,FALSE,2021-02-24 9:01:13,Comuna 1,,,,3.4538371,-76.5583726
ASP-POOS2B9A,Aspirator,TRUE,2021-02-24 9:02:19,Comuna 1,12,12,4,3.4558842,-76.5593183
ASP-175TE36Q,Aspirator,TRUE,2021-02-24 10:47:05,Comuna 1,4,4,1,3.4607667,-76.5859264
ASP-SE34N6AD,Aspirator,FALSE,2021-02-24 11:17:43,Comuna 1,,,,3.456269,-76.5812346
ASP-5BARXARR,Aspirator,TRUE,2021-02-24 11:35:40,Comuna 1,6,6,4,3.4535104,-76.568324
ASP-UXYNQLPX,Aspirator,FALSE,2021-02-24 11:43:02,Comuna 1,,,,3.4529984,-76.5652379
ASP-8SD3DR92,Aspirator,FALSE,2021-02-24 12:08:11,Comuna 1,,,,3.4511729,-76.5645186
ASP-AUTQH84S,Aspirator,FALSE,2021-03-03 8:45:35,Comuna 1,,,,3.4571232,-76.5492282
ASP-3WQ6DML5,Aspirator,TRUE,2021-03-03 9:00:43,Comuna 1,2,2,1,3.4588066,-76.5575131
ASP-POOS2B9A,Aspirator,TRUE,2021-03-03 9:18:46,Comuna 1,8,8,3,3.4558842,-76.5593183
ASP-QUEZ5LU5,Aspirator,TRUE,2021-03-03 9:33:15,Comuna 1,1,1,1,3.4540688,-76.5629487
ASP-C5MTB3WE,Aspirator,FALSE,2021-03-03 9:44:24,Comuna 1,,,,3.4538371,-76.5583726
ASP-Z8FNR6R4,Aspirator,FALSE,2021-03-03 9:56:08,Comuna 1,,,,3.4543091,-76.5500953
ASP-FNIILA5P,Aspirator,TRUE,2021-03-03 10:11:31,Comuna 1,1,1,1,3.4525737,-76.564817
ASP-5BARXARR,Aspirator,TRUE,2021-03-03 10:26:31,Comuna 1,1,1,1,3.4535104,-76.568324
ASP-UXYNQLPX,Aspirator,FALSE,2021-03-03 10:27:32,Comuna 1,,,,3.4529984,-76.5652379
ASP-9HWWXDMC,Aspirator,TRUE,2021-03-03 10:51:08,Comuna 1,3,3,3,3.4541912,-76.5745823
ASP-O4K94YY6,Aspirator,TRUE,2021-03-03 11:04:41,Comuna 1,3,3,3,3.4552465,-76.5785024
ASP-SE34N6AD,Aspirator,TRUE,2021-03-03 11:17:22,Comuna 1,1,1,1,3.456269,-76.5812346
ASP-IREL246U,Aspirator,FALSE,2021-03-03 11:49:52,Comuna 1,,,,3.4577464,-76.5831649
ASP-175TE36Q,Aspirator,TRUE,2021-03-03 12:02:11,Comuna 1,4,4,3,3.4607667,-76.5859264
ASP-0WQHS2L5,Aspirator,TRUE,2021-03-03 12:15:41,Comuna 1,5,5,5,3.4623021,-76.5879769
ASP-HZSEDUEN,Aspirator,TRUE,2021-03-03 12:34:36,Comuna 1,4,4,1,3.4551496,-76.5682684
ASP-LPH9SK1B,Aspirator,FALSE,2021-03-03 12:39:59,Comuna 1,,,,3.4518034,-76.5661569
ASP-8SD3DR92,Aspirator,TRUE,2021-03-03 12:48:31,Comuna 1,2,2,2,3.4511729,-76.5645186
ASP-H65L3Q1M,Aspirator,TRUE,2021-03-03 13:04:40,Comuna 1,3,3,0,3.4522945,-76.5612814
ASP-2WRP24W3,Aspirator,TRUE,2021-03-03 13:35:17,Comuna 1,12,12,8,3.459982645,-76.56064008
ASP-175TE36Q,Aspirator,TRUE,2021-03-10 9:11:10,Comuna 1,14,14,13,3.4607667,-76.5859264
ASP-IREL246U,Aspirator,TRUE,2021-03-10 9:31:22,Comuna 1,14,10,6,3.4577464,-76.5831649
ASP-0WQHS2L5,Aspirator,TRUE,2021-03-10 9:49:19,Comuna 1,10,10,10,3.4623021,-76.5879769
ASP-SE34N6AD,Aspirator,TRUE,2021-03-10 10:14:44,Comuna 1,2,2,0,3.456269,-76.5812346
ASP-9HWWXDMC,Aspirator,TRUE,2021-03-10 10:45:48,Comuna 1,1,1,1,3.4541912,-76.5745823
ASP-O4K94YY6,Aspirator,TRUE,2021-03-10 10:47:23,Comuna 1,0,,,3.4552465,-76.5785024
ASP-Z8FNR6R4,Aspirator,FALSE,2021-03-10 10:51:40,Comuna 1,,,,3.4543091,-76.5500953
ASP-FNIILA5P,Aspirator,TRUE,2021-03-10 10:52:12,Comuna 1,1,1,1,3.4525737,-76.564817
ASP-C5MTB3WE,Aspirator,TRUE,2021-03-10 10:53:27,Comuna 1,1,1,1,3.4538371,-76.5583726
ASP-UXYNQLPX,Aspirator,FALSE,2021-03-10 10:54:14,Comuna 1,,,,3.4529984,-76.5652379
ASP-QUEZ5LU5,Aspirator,FALSE,2021-03-10 10:55:17,Comuna 1,,,,3.4540688,-76.5629487
ASP-HZSEDUEN,Aspirator,FALSE,2021-03-10 11:39:35,Comuna 1,,,,3.4551496,-76.5682684
ASP-5BARXARR,Aspirator,FALSE,2021-03-10 11:40:07,Comuna 1,,,,3.4535104,-76.568324
ASP-LPH9SK1B,Aspirator,TRUE,2021-03-10 11:52:25,Comuna 1,21,12,9,3.4518034,-76.5661569
ASP-2WRP24W3,Aspirator,TRUE,2021-03-10 12:00:17,Comuna 1,2,2,0,3.459982645,-76.56064008
ASP-8SD3DR92,Aspirator,FALSE,2021-03-10 12:16:09,Comuna 1,,,,3.4511729,-76.5645186
ASP-H65L3Q1M,Aspirator,TRUE,2021-03-10 12:49:17,Comuna 1,0,,,3.4522945,-76.5612814
ASP-3WQ6DML5,Aspirator,TRUE,2021-03-10 12:56:28,Comuna 1,3,3,3,3.4588066,-76.5575131
ASP-POOS2B9A,Aspirator,TRUE,2021-03-10 13:19:46,Comuna 1,12,11,9,3.4558842,-76.5593183
ASP-AUTQH84S,Aspirator,FALSE,2021-03-10 13:40:52,Comuna 1,,,,3.4571232,-76.5492282
ASP-175TE36Q,Aspirator,TRUE,2021-03-18 9:34:01,Comuna 1,7,7,4,3.4607667,-76.5859264
ASP-IREL246U,Aspirator,TRUE,2021-03-18 9:57:54,Comuna 1,3,3,3,3.4577464,-76.5831649
ASP-0WQHS2L5,Aspirator,TRUE,2021-03-18 10:29:48,Comuna 1,14,14,14,3.4623021,-76.5879769
ASP-SE34N6AD,Aspirator,TRUE,2021-03-18 10:51:55,Comuna 1,10,10,7,3.456269,-76.5812346
ASP-O4K94YY6,Aspirator,TRUE,2021-03-18 11:09:41,Comuna 1,2,2,1,3.4552465,-76.5785024
ASP-9HWWXDMC,Aspirator,TRUE,2021-03-18 11:31:15,Comuna 1,5,5,5,3.4541912,-76.5745823
ASP-5BARXARR,Aspirator,TRUE,2021-03-18 11:54:47,Comuna 1,1,1,1,3.4535104,-76.568324
ASP-UXYNQLPX,Aspirator,TRUE,2021-03-18 12:48:09,Comuna 1,52,20,4,3.4529984,-76.5652379
ASP-QUEZ5LU5,Aspirator,TRUE,2021-03-18 13:06:10,Comuna 1,4,4,2,3.4540688,-76.5629487
ASP-C5MTB3WE,Aspirator,TRUE,2021-03-18 13:57:02,Comuna 1,12,12,11,3.4538371,-76.5583726
ASP-Z8FNR6R4,Aspirator,TRUE,2021-03-19 8:09:56,Comuna 1,5,5,0,3.4543091,-76.5500953
ASP-FNIILA5P,Aspirator,TRUE,2021-03-19 9:16:13,Comuna 1,15,15,6,3.4525737,-76.564817
ASP-LPH9SK1B,Aspirator,TRUE,2021-03-19 9:48:18,Comuna 1,11,11,10,3.4518034,-76.5661569
ASP-8SD3DR92,Aspirator,TRUE,2021-03-19 10:18:45,Comuna 1,1,1,0,3.4511729,-76.5645186
ASP-H65L3Q1M,Aspirator,TRUE,2021-03-19 10:36:09,Comuna 1,2,2,0,3.4522945,-76.5612814
ASP-POOS2B9A,Aspirator,TRUE,2021-03-19 11:17:11,Comuna 1,13,13,11,3.4558842,-76.5593183
ASP-3WQ6DML5,Aspirator,TRUE,2021-03-19 11:37:33,Comuna 1,6,6,6,3.4588066,-76.5575131
ASP-2WRP24W3,Aspirator,TRUE,2021-03-19 12:04:32,Comuna 1,17,17,13,3.459982645,-76.56064008
ASP-HZSEDUEN,Aspirator,TRUE,2021-03-19 12:20:16,Comuna 1,3,3,0,3.4551496,-76.5682684
ASP-AUTQH84S,Aspirator,TRUE,2021-03-19 12:44:24,Comuna 1,2,2,1,3.4571232,-76.5492282
ASP-Z8FNR6R4,Aspirator,TRUE,2021-03-25 8:40:18,Comuna 1,3,3,3,3.4543091,-76.5500953
ASP-C5MTB3WE,Aspirator,TRUE,2021-03-25 9:01:04,Comuna 1,2,2,1,3.4538371,-76.5583726
ASP-175TE36Q,Aspirator,TRUE,2021-03-25 9:09:04,Comuna 1,14,10,8,3.4607667,-76.5859264
ASP-UXYNQLPX,Aspirator,TRUE,2021-03-25 9:20:13,Comuna 1,1,1,1,3.4529984,-76.5652379
ASP-IREL246U,Aspirator,TRUE,2021-03-25 9:30:58,Comuna 1,6,6,5,3.4577464,-76.5831649
ASP-0WQHS2L5,Aspirator,TRUE,2021-03-25 9:50:07,Comuna 1,14,10,8,3.4623021,-76.5879769
ASP-HZSEDUEN,Aspirator,TRUE,2021-03-25 9:58:04,Comuna 1,2,2,1,3.4551496,-76.5682684
ASP-2WRP24W3,Aspirator,TRUE,2021-03-25 10:00:58,Comuna 1,2,2,0,3.459982645,-76.56064008
ASP-SE34N6AD,Aspirator,TRUE,2021-03-25 10:15:59,Comuna 1,1,1,1,3.456269,-76.5812346
ASP-3WQ6DML5,Aspirator,TRUE,2021-03-25 10:18:55,Comuna 1,3,3,1,3.4588066,-76.5575131
ASP-O4K94YY6,Aspirator,TRUE,2021-03-25 10:29:45,Comuna 1,2,2,1,3.4552465,-76.5785024
ASP-AUTQH84S,Aspirator,TRUE,2021-03-25 10:35:25,Comuna 1,1,1,1,3.4571232,-76.5492282
ASP-9HWWXDMC,Aspirator,TRUE,2021-03-25 10:47:00,Comuna 1,4,4,4,3.4541912,-76.5745823
ASP-POOS2B9A,Aspirator,TRUE,2021-03-25 10:52:10,Comuna 1,1,1,0,3.4558842,-76.5593183
ASP-5BARXARR,Aspirator,TRUE,2021-03-25 11:12:15,Comuna 1,2,2,1,3.4535104,-76.568324
ASP-FNIILA5P,Aspirator,TRUE,2021-03-25 11:30:58,Comuna 1,3,3,3,3.4525737,-76.564817
ASP-QUEZ5LU5,Aspirator,TRUE,2021-03-25 11:33:29,Comuna 1,6,6,3,3.4540688,-76.5629487
ASP-LPH9SK1B,Aspirator,TRUE,2021-03-25 11:35:04,Comuna 1,9,9,8,3.4518034,-76.5661569
ASP-8SD3DR92,Aspirator,TRUE,2021-03-25 11:49:37,Comuna 1,2,2,2,3.4511729,-76.5645186
ASP-H65L3Q1M,Aspirator,TRUE,2021-03-25 12:15:59,Comuna 1,1,1,0,3.4522945,-76.5612814
ASP-175TE36Q,Aspirator,TRUE,2021-04-07 12:50:33,Comuna 1,6,6,5,3.4607667,-76.5859264
ASP-0WQHS2L5,Aspirator,TRUE,2021-04-07 12:51:42,Comuna 1,14,10,8,3.4623021,-76.5879769
ASP-IREL246U,Aspirator,TRUE,2021-04-07 12:52:40,Comuna 1,4,4,3,3.4577464,-76.5831649
ASP-SE34N6AD,Aspirator,TRUE,2021-04-07 12:54:18,Comuna 1,1,1,1,3.456269,-76.5812346
ASP-9HWWXDMC,Aspirator,TRUE,2021-04-07 12:55:31,Comuna 1,1,1,1,3.4541912,-76.5745823
ASP-5BARXARR,Aspirator,TRUE,2021-04-07 12:56:42,Comuna 1,10,10,10,3.4535104,-76.568324
ASP-LPH9SK1B,Aspirator,TRUE,2021-04-07 12:57:59,Comuna 1,21,10,8,3.4518034,-76.5661569
ASP-O4K94YY6,Aspirator,TRUE,2021-04-07 12:58:55,Comuna 1,13,10,7,3.4552465,-76.5785024
ASP-8SD3DR92,Aspirator,TRUE,2021-04-07 13:00:21,Comuna 1,6,6,6,3.4511729,-76.5645186
ASP-H65L3Q1M,Aspirator,TRUE,2021-04-07 13:01:34,Comuna 1,8,8,2,3.4522945,-76.5612814
ASP-Z8FNR6R4,Aspirator,TRUE,2021-04-07 13:03:37,Comuna 1,18,10,9,3.4543091,-76.5500953
ASP-C5MTB3WE,Aspirator,TRUE,2021-04-07 13:06:08,Comuna 1,1,1,0,3.4538371,-76.5583726
ASP-UXYNQLPX,Aspirator,TRUE,2021-04-07 13:09:24,Comuna 1,3,3,3,3.4529984,-76.5652379
ASP-FNIILA5P,Aspirator,TRUE,2021-04-07 13:13:35,Comuna 1,19,10,9,3.4525737,-76.564817
ASP-QUEZ5LU5,Aspirator,TRUE,2021-04-07 13:15:20,Comuna 1,2,2,1,3.4540688,-76.5629487
ASP-POOS2B9A,Aspirator,TRUE,2021-04-07 13:17:04,Comuna 1,3,3,2,3.4558842,-76.5593183
ASP-3WQ6DML5,Aspirator,TRUE,2021-04-07 13:18:54,Comuna 1,2,2,1,3.4588066,-76.5575131
ASP-HZSEDUEN,Aspirator,TRUE,2021-04-07 13:20:45,Comuna 1,13,12,6,3.4551496,-76.5682684
ASP-2WRP24W3,Aspirator,TRUE,2021-04-07 13:22:23,Comuna 1,32,10,5,3.459982645,-76.56064008
ASP-AUTQH84S,Aspirator,TRUE,2021-04-07 13:23:48,Comuna 1,1,1,1,3.4571232,-76.5492282
ASP-175TE36Q,Aspirator,TRUE,2021-04-13 11:56:57,Comuna 1,4,4,0,3.4607667,-76.5859264
ASP-IREL246U,Aspirator,TRUE,2021-04-13 11:57:17,Comuna 1,4,4,4,3.4577464,-76.5831649
ASP-0WQHS2L5,Aspirator,TRUE,2021-04-13 11:57:31,Comuna 1,3,3,3,3.4623021,-76.5879769
ASP-SE34N6AD,Aspirator,TRUE,2021-04-13 11:57:49,Comuna 1,1,1,1,3.456269,-76.5812346
ASP-O4K94YY6,Aspirator,TRUE,2021-04-13 11:58:08,Comuna 1,4,4,1,3.4552465,-76.5785024
ASP-9HWWXDMC,Aspirator,TRUE,2021-04-13 11:58:24,Comuna 1,1,1,1,3.4541912,-76.5745823
ASP-5BARXARR,Aspirator,TRUE,2021-04-13 11:58:47,Comuna 1,1,1,1,3.4535104,-76.568324
ASP-LPH9SK1B,Aspirator,TRUE,2021-04-13 11:59:08,Comuna 1,8,8,7,3.4518034,-76.5661569
ASP-8SD3DR92,Aspirator,TRUE,2021-04-13 11:59:27,Comuna 1,12,10,9,3.4511729,-76.5645186
ASP-H65L3Q1M,Aspirator,TRUE,2021-04-13 11:59:55,Comuna 1,2,2,2,3.4522945,-76.5612814
ASP-Z8FNR6R4,Aspirator,TRUE,2021-04-13 12:18:02,Comuna 1,4,4,3,3.4543091,-76.5500953
ASP-C5MTB3WE,Aspirator,TRUE,2021-04-13 12:19:35,Comuna 1,7,7,4,3.4538371,-76.5583726
ASP-UXYNQLPX,Aspirator,TRUE,2021-04-13 12:20:55,Comuna 1,3,3,0,3.4529984,-76.5652379
ASP-FNIILA5P,Aspirator,TRUE,2021-04-13 12:22:21,Comuna 1,6,6,4,3.4525737,-76.564817
ASP-QUEZ5LU5,Aspirator,TRUE,2021-04-13 12:24:32,Comuna 1,2,2,2,3.4540688,-76.5629487
ASP-POOS2B9A,Aspirator,TRUE,2021-04-13 12:26:08,Comuna 1,3,3,0,3.4558842,-76.5593183
ASP-3WQ6DML5,Aspirator,TRUE,2021-04-13 12:27:49,Comuna 1,6,6,5,3.4588066,-76.5575131
ASP-HZSEDUEN,Aspirator,FALSE,2021-04-13 12:32:51,Comuna 1,,,,3.4551496,-76.5682684
ASP-2WRP24W3,Aspirator,TRUE,2021-04-13 12:33:11,Comuna 1,6,6,5,3.459982645,-76.56064008
ASP-AUTQH84S,Aspirator,TRUE,2021-04-13 12:34:35,Comuna 1,1,1,1,3.4571232,-76.5492282
ASP-Z8FNR6R4,Aspirator,TRUE,2021-07-12 8:53:29,Comuna 1,2,2,0,3.4543091,-76.5500953
PK_PR_3,Aspirator,TRUE,2021-07-12 9:06:17,Comuna 1,1,1,1,3.454254,-76.554612
PK_PR_6,Aspirator,TRUE,2021-07-12 9:55:40,Comuna 1,1,1,0,3.4508871,-76.5622317
ASP-5BARXARR,Aspirator,TRUE,2021-07-12 10:42:50,Comuna 1,2,2,1,3.4535104,-76.568324
ASP-2WRP24W3,Aspirator,TRUE,2021-07-12 11:07:29,Comuna 1,2,2,1,3.459982645,-76.56064008
ASP-C5MTB3WE,Aspirator,TRUE,2021-07-12 11:11:10,Comuna 1,1,1,1,3.4538371,-76.5583726
ASP-FNIILA5P,Aspirator,TRUE,2021-07-12 11:12:27,Comuna 1,2,2,2,3.4525737,-76.564817
PK_PR_5,Aspirator,TRUE,2021-07-12 11:52:36,Comuna 1,1,1,1,3.4541811,-76.5655173
ASP-9HWWXDMC,Aspirator,TRUE,2021-07-12 12:16:05,Comuna 1,5,5,0,3.4541912,-76.5745823
ASP-O4K94YY6,Aspirator,TRUE,2021-07-12 12:37:28,Comuna 1,1,1,1,3.4552465,-76.5785024
PK_PR_1,Aspirator,TRUE,2021-07-12 12:46:41,Comuna 1,1,1,1,3.4564891,-76.5773231
ASP-SE34N6AD,Aspirator,TRUE,2021-07-12 13:00:18,Comuna 1,0,,,3.456269,-76.5812346
ASP-IREL246U,Aspirator,TRUE,2021-07-12 13:12:15,Comuna 1,4,4,1,3.4577464,-76.5831649
ASP-0WQHS2L5,Aspirator,TRUE,2021-07-12 13:55:31,Comuna 1,1,1,1,3.4623021,-76.5879769
ASP-175TE36Q,Aspirator,TRUE,2021-07-12 14:20:17,Comuna 1,2,2,1,3.4607667,-76.5859264
ASP-POOS2B9A,Aspirator,TRUE,2021-07-12 14:49:53,Comuna 1,1,1,1,3.4558842,-76.5593183
ASP-3WQ6DML5,Aspirator,TRUE,2021-07-12 15:02:15,Comuna 1,0,,,3.4588066,-76.5575131
PK_PR_4,Aspirator,TRUE,2021-07-12 15:18:09,Comuna 1,0,,,3.459887,-76.5512863
ASP-AUTQH84S,Aspirator,FALSE,2021-07-12 15:29:32,Comuna 1,,,,3.4571232,-76.5492282
ASP-H65L3Q1M,Aspirator,TRUE,2021-07-13 9:15:55,Comuna 1,1,1,1,3.4522945,-76.5612814
ASP-QUEZ5LU5,Aspirator,TRUE,2021-07-13 9:28:24,Comuna 1,2,2,0,3.4540688,-76.5629487
ASP-HZSEDUEN,Aspirator,TRUE,2021-07-13 9:50:30,Comuna 1,1,1,0,3.4551496,-76.5682684
PK_PR_2,Aspirator,TRUE,2021-07-13 10:21:44,Comuna 1,1,1,1,3.4532937,-76.5725639
ASP-LPH9SK1B,Aspirator,TRUE,2021-07-13 10:33:32,Comuna 1,2,2,0,3.4518034,-76.5661569
ASP-8SD3DR92,Aspirator,TRUE,2021-07-13 11:11:17,Comuna 1,0,,,3.4511729,-76.5645186
ASP-AUTQH84S,Aspirator,FALSE,2021-07-19 8:51:14,Comuna 1,,,,3.4571232,-76.5492282
PK_PR_4,Aspirator,TRUE,2021-07-19 9:35:11,Comuna 1,1,1,0,3.459887,-76.5512863
ASP-3WQ6DML5,Aspirator,TRUE,2021-07-19 9:42:02,Comuna 1,3,3,0,3.4588066,-76.5575131
ASP-2WRP24W3,Aspirator,TRUE,2021-07-19 10:35:31,Comuna 1,0,,,3.459982645,-76.56064008
ASP-HZSEDUEN,Aspirator,TRUE,2021-07-19 10:59:56,Comuna 1,0,,,3.4551496,-76.5682684
PK_PR_5,Aspirator,TRUE,2021-07-19 11:15:48,Comuna 1,0,,,3.4541811,-76.5655173
ASP-QUEZ5LU5,Aspirator,TRUE,2021-07-19 11:26:37,Comuna 1,1,1,0,3.4540688,-76.5629487
ASP-POOS2B9A,Aspirator,TRUE,2021-07-19 11:35:41,Comuna 1,1,1,0,3.4558842,-76.5593183
ASP-C5MTB3WE,Aspirator,TRUE,2021-07-19 11:52:54,Comuna 1,3,3,3,3.4538371,-76.5583726
ASP-Z8FNR6R4,Aspirator,TRUE,2021-07-19 12:10:13,Comuna 1,0,,,3.4543091,-76.5500953
PK_PR_3,Aspirator,TRUE,2021-07-19 12:32:51,Comuna 1,3,3,0,3.454254,-76.554612
PK_PR_6,Aspirator,TRUE,2021-07-19 12:35:03,Comuna 1,0,,,3.4508871,-76.5622317
ASP-IREL246U,Aspirator,TRUE,2021-07-19 13:07:29,Comuna 1,2,2,0,3.4577464,-76.5831649
ASP-0WQHS2L5,Aspirator,TRUE,2021-07-19 13:16:55,Comuna 1,1,1,0,3.4623021,-76.5879769
ASP-H65L3Q1M,Aspirator,FALSE,2021-07-19 13:44:33,Comuna 1,,,,3.4522945,-76.5612814
ASP-175TE36Q,Aspirator,TRUE,2021-07-19 13:48:53,Comuna 1,0,,,3.4607667,-76.5859264
ASP-SE34N6AD,Aspirator,TRUE,2021-07-19 13:50:29,Comuna 1,0,,,3.456269,-76.5812346
ASP-O4K94YY6,Aspirator,TRUE,2021-07-19 13:52:58,Comuna 1,1,1,0,3.4552465,-76.5785024
PK_PR_1,Aspirator,FALSE,2021-07-19 13:53:55,Comuna 1,,,,3.4564891,-76.5773231
ASP-9HWWXDMC,Aspirator,TRUE,2021-07-19 13:56:14,Comuna 1,1,1,0,3.4541912,-76.5745823
PK_PR_2,Aspirator,TRUE,2021-07-19 13:57:16,Comuna 1,2,2,1,3.4532937,-76.5725639
ASP-5BARXARR,Aspirator,TRUE,2021-07-19 13:58:50,Comuna 1,0,,,3.4535104,-76.568324
ASP-LPH9SK1B,Aspirator,TRUE,2021-07-19 14:00:24,Comuna 1,0,,,3.4518034,-76.5661569
ASP-FNIILA5P,Aspirator,TRUE,2021-07-19 14:02:29,Comuna 1,1,1,0,3.4525737,-76.564817
ASP-8SD3DR92,Aspirator,FALSE,2021-07-19 14:04:18,Comuna 1,,,,3.4511729,-76.5645186
ASP-OW4XMNKO,Aspirator,TRUE,2020-12-01 8:37:20,Comuna 18,0,,,3.3941243,-76.5488404
ASP-U5NYXHZ9,Aspirator,TRUE,2020-12-01 8:45:45,Comuna 18,0,,,3.3929122,-76.5560855
ASP-ZXQVAGQ5,Aspirator,TRUE,2020-12-01 9:31:20,Comuna 18,9,9,4,3.3875896,-76.5580953
ASP-TYU2CO2W,Aspirator,TRUE,2020-12-01 9:49:11,Comuna 18,9,8,3,3.3838749,-76.5595885
ASP-9ESEKFIS,Aspirator,TRUE,2020-12-01 10:12:00,Comuna 18,0,,,3.3887918,-76.5636596
ASP-AXGEOI0N,Aspirator,TRUE,2020-12-01 10:42:18,Comuna 18,1,1,1,3.3841498,-76.5650849
ASP-3CUGQABZ,Aspirator,FALSE,2020-12-01 11:30:34,Comuna 18,,,,3.3798553,-76.5612775
ASP-UMM60RXM,Aspirator,FALSE,2020-12-01 11:46:59,Comuna 18,,,,3.3761786,-76.5568021
ASP-NOJFAIYS,Aspirator,TRUE,2020-12-01 12:10:29,Comuna 18,0,,,3.3759724,-76.5521873
ASP-KPZ1DFXI,Aspirator,TRUE,2020-12-01 13:14:19,Comuna 18,0,,,3.3718892,-76.5544743
ASP-LI44DXHI,Aspirator,TRUE,2020-12-01 13:29:41,Comuna 18,0,,,3.3718187,-76.5493154
ASP-ZK6BKVLG,Aspirator,TRUE,2020-12-01 13:44:05,Comuna 18,0,,,3.3764316,-76.5460391
ASP-EXDLETM8,Aspirator,TRUE,2020-12-01 14:01:06,Comuna 18,2,2,0,3.3807883,-76.5458264
ASP-O340VUW5,Aspirator,TRUE,2020-12-01 14:26:01,Comuna 18,0,,,3.3891438,-76.5471862
ASP-I3A0F5Z6,Aspirator,TRUE,2020-12-01 14:37:33,Comuna 18,0,,,3.3893745,-76.5505252
ASP-V7QS3GJ7,Aspirator,TRUE,2020-12-01 14:44:35,Comuna 18,2,2,2,3.3864899,-76.5535085
ASP-5N6HHLFV,Aspirator,TRUE,2020-12-03 9:05:53,Comuna 18,4,4,4,3.38543,-76.5471124
ASP-1IXEJG4Z,Aspirator,TRUE,2020-12-03 13:02:38,Comuna 18,6,6,4,3.3812792,-76.5488645
ASP-WQNCL6GL,Aspirator,TRUE,2020-12-03 13:38:41,Comuna 18,4,4,4,3.3830454,-76.5451144
ASP-3OOY35TF,Aspirator,TRUE,2020-12-10 8:52:10,Comuna 18,3,3,1,3.3890558,-76.5631783
ASP-RWAPF01D,Aspirator,TRUE,2020-12-10 9:15:09,Comuna 18,2,2,1,3.3900111,-76.5617599
ASP-AXGEOI0N,Aspirator,TRUE,2020-12-10 9:56:17,Comuna 18,4,4,0,3.3841498,-76.5650849
ASP-TYU2CO2W,Aspirator,TRUE,2020-12-10 10:28:32,Comuna 18,8,8,1,3.3838749,-76.5595885
ASP-EIHOJREE,Aspirator,TRUE,2020-12-10 10:58:09,Comuna 18,0,,,3.3799196,-76.56115
ASP-ZXQVAGQ5,Aspirator,TRUE,2020-12-10 11:23:41,Comuna 18,12,12,3,3.3875896,-76.5580953
ASP-V7QS3GJ7,Aspirator,TRUE,2020-12-10 11:41:49,Comuna 18,8,8,1,3.3864899,-76.5535085
ASP-UPUHX7W5,Aspirator,TRUE,2020-12-10 12:05:12,Comuna 18,0,,,3.3893943,-76.5504027
ASP-0C77JUUC,Aspirator,TRUE,2020-12-10 12:18:55,Comuna 18,0,,,3.3890765,-76.5468822
ASP-BZVOTSNH,Aspirator,TRUE,2020-12-10 12:48:40,Comuna 18,0,,,3.3931028,-76.5555203
ASP-TOJPPGIK,Aspirator,TRUE,2020-12-10 12:58:17,Comuna 18,1,1,1,3.3954305,-76.5473351
ASP-0BB0ML8N,Aspirator,TRUE,2020-12-10 13:46:20,Comuna 18,6,6,4,3.3828522,-76.5442753
ASP-EXDLETM8,Aspirator,TRUE,2020-12-10 13:56:22,Comuna 18,4,4,0,3.3807883,-76.5458264
ASP-ZB1LTL57,Aspirator,TRUE,2020-12-10 14:22:54,Comuna 18,1,1,0,3.3713357,-76.5541921
ASP-3SL4ACNG,Aspirator,TRUE,2020-12-10 14:54:09,Comuna 18,0,,,3.3719017,-76.5489538
ASP-1YIM1JZS,Aspirator,TRUE,2020-12-10 15:13:49,Comuna 18,0,,,3.375982,-76.5525041
ASP-D86ML6F4,Aspirator,TRUE,2020-12-10 15:23:12,Comuna 18,1,1,0,3.3763628,-76.5570105
ASP-TOJPPGIK,Aspirator,TRUE,2020-12-15 8:39:05,Comuna 18,2,2,2,3.3954305,-76.5473351
ASP-Y5O47158,Aspirator,TRUE,2020-12-15 8:59:14,Comuna 18,4,4,2,3.3914042,-76.5506279
ASP-9V9LWAGE,Aspirator,TRUE,2020-12-15 9:15:25,Comuna 18,4,4,1,3.3899424,-76.5480228
ASP-AXGEOI0N,Aspirator,TRUE,2020-12-15 9:17:46,Comuna 18,13,13,2,3.3841498,-76.5650849
ASP-FORJY9WU,Aspirator,TRUE,2020-12-15 9:56:15,Comuna 18,5,5,4,3.3933566,-76.5556028
ASP-EXDLETM8,Aspirator,TRUE,2020-12-15 10:18:36,Comuna 18,0,,,3.3807883,-76.5458264
ASP-547FBSXH,Aspirator,TRUE,2020-12-15 10:54:43,Comuna 18,3,3,3,3.3792361,-76.546418
ASP-XPE4LAVF,Aspirator,TRUE,2020-12-15 11:17:05,Comuna 18,6,6,5,3.3722233,-76.545206
ASP-9V69CQAI,Aspirator,TRUE,2020-12-15 11:24:53,Comuna 18,8,8,2,3.3718627,-76.5488846
ASP-ZB1LTL57,Aspirator,TRUE,2020-12-15 11:50:09,Comuna 18,1,1,0,3.3713357,-76.5541921
ASP-V7QS3GJ7,Aspirator,TRUE,2020-12-15 11:59:55,Comuna 18,8,8,2,3.3864899,-76.5535085
ASP-D86ML6F4,Aspirator,TRUE,2020-12-15 12:14:07,Comuna 18,6,6,5,3.3763628,-76.5570105
ASP-TYU2CO2W,Aspirator,TRUE,2020-12-15 12:16:04,Comuna 18,5,5,2,3.3838749,-76.5595885
ASP-ZXQVAGQ5,Aspirator,TRUE,2020-12-15 12:24:54,Comuna 18,5,3,1,3.3875896,-76.5580953
ASP-3OOY35TF,Aspirator,TRUE,2020-12-15 12:39:19,Comuna 18,5,5,1,3.3890558,-76.5631783
ASP-RWAPF01D,Aspirator,TRUE,2020-12-15 12:59:40,Comuna 18,7,7,3,3.3900111,-76.5617599
ASP-TOJPPGIK,Aspirator,TRUE,2020-12-22 8:33:12,Comuna 18,2,2,0,3.3954305,-76.5473351
ASP-Y5O47158,Aspirator,TRUE,2020-12-22 8:53:57,Comuna 18,27,26,4,3.3914042,-76.5506279
ASP-9V9LWAGE,Aspirator,TRUE,2020-12-22 9:18:27,Comuna 18,1,1,0,3.3899424,-76.5480228
ASP-NG47EWPV,Aspirator,TRUE,2020-12-22 10:06:11,Comuna 18,0,,,3.3890191,-76.5462573
ASP-DAK8S1ED,Aspirator,TRUE,2020-12-22 10:32:02,Comuna 18,10,10,5,3.3873236,-76.5506385
ASP-V7QS3GJ7,Aspirator,TRUE,2020-12-22 11:02:24,Comuna 18,4,4,2,3.3864899,-76.5535085
ASP-FORJY9WU,Aspirator,TRUE,2020-12-22 11:44:47,Comuna 18,0,,,3.3933566,-76.5556028
ASP-ZXQVAGQ5,Aspirator,TRUE,2020-12-22 11:54:31,Comuna 18,7,7,2,3.3875896,-76.5580953
ASP-547FBSXH,Aspirator,TRUE,2020-12-22 13:04:11,Comuna 18,2,2,1,3.3792361,-76.546418
ASP-3OOY35TF,Aspirator,TRUE,2020-12-22 13:25:27,Comuna 18,1,1,0,3.3890558,-76.5631783
ASP-AXGEOI0N,Aspirator,TRUE,2020-12-22 13:38:16,Comuna 18,1,1,0,3.3841498,-76.5650849
ASP-RWAPF01D,Aspirator,TRUE,2020-12-22 13:40:06,Comuna 18,6,6,0,3.3900111,-76.5617599
ASP-D86ML6F4,Aspirator,TRUE,2020-12-22 13:45:08,Comuna 18,16,16,7,3.3763628,-76.5570105
ASP-9V69CQAI,Aspirator,TRUE,2020-12-22 13:51:24,Comuna 18,8,8,7,3.3718627,-76.5488846
ASP-TYU2CO2W,Aspirator,TRUE,2020-12-22 15:07:10,Comuna 18,1,,,3.3838749,-76.5595885
ASP-XPE4LAVF,Aspirator,TRUE,2020-12-22 15:09:25,Comuna 18,0,,,3.3722233,-76.545206
ASP-ZB1LTL57,Aspirator,TRUE,2020-12-22 15:11:08,Comuna 18,0,,,3.3713357,-76.5541921
ASP-N1TZCIBH,Aspirator,TRUE,2020-12-23 13:41:29,Comuna 18,10,10,9,3.3812505,-76.5488795
ASP-8B3Q13ST,Aspirator,TRUE,2020-12-28 11:12:45,Comuna 18,1,1,0,3.3943205,-76.5525214
ASP-TOJPPGIK,Aspirator,TRUE,2020-12-28 11:32:15,Comuna 18,9,9,3,3.3954305,-76.5473351
ASP-RIQLMQHE,Aspirator,TRUE,2020-12-28 14:01:36,Comuna 18,0,,,3.3765673,-76.5515944
ASP-9INAM3UW,Aspirator,TRUE,2020-12-28 14:25:03,Comuna 18,0,,,3.3735211,-76.5456726
ASP-Y5O47158,Aspirator,TRUE,2020-12-28 14:30:25,Comuna 18,2,2,0,3.3914042,-76.5506279
ASP-9V9LWAGE,Aspirator,TRUE,2020-12-28 14:32:12,Comuna 18,0,,,3.3899424,-76.5480228
ASP-9V69CQAI,Aspirator,TRUE,2020-12-28 14:39:43,Comuna 18,0,,,3.3718627,-76.5488846
ASP-DAK8S1ED,Aspirator,TRUE,2020-12-28 14:40:18,Comuna 18,0,,,3.3873236,-76.5506385
ASP-547FBSXH,Aspirator,TRUE,2020-12-28 14:48:19,Comuna 18,0,,,3.3792361,-76.546418
ASP-RWAPF01D,Aspirator,TRUE,2020-12-28 14:49:57,Comuna 18,0,,,3.3900111,-76.5617599
ASP-D86ML6F4,Aspirator,TRUE,2020-12-28 14:52:06,Comuna 18,2,2,1,3.3763628,-76.5570105
ASP-TYU2CO2W,Aspirator,TRUE,2020-12-28 14:55:30,Comuna 18,4,4,2,3.3838749,-76.5595885
ASP-AXGEOI0N,Aspirator,TRUE,2020-12-28 15:02:55,Comuna 18,10,10,1,3.3841498,-76.5650849
ASP-V7QS3GJ7,Aspirator,TRUE,2020-12-28 15:03:02,Comuna 18,0,,,3.3864899,-76.5535085
ASP-ZXQVAGQ5,Aspirator,TRUE,2020-12-28 15:04:53,Comuna 18,0,,,3.3875896,-76.5580953
ASP-3OOY35TF,Aspirator,TRUE,2020-12-28 15:11:03,Comuna 18,0,,,3.3890558,-76.5631783
ASP-IZ1YHKJJ,Aspirator,TRUE,2020-12-30 14:13:30,Comuna 18,0,,,3.384781938,-76.54752163
ASP-40T8J8NM,Aspirator,TRUE,2020-12-30 14:15:41,Comuna 18,2,2,2,3.381089293,-76.54861969
ASP-VK7F1O2U,Aspirator,TRUE,2021-01-05 10:54:04,Comuna 18,0,,,3.3755322,-76.5549691
ASP-VQ95PH74,Aspirator,TRUE,2021-01-05 12:04:02,Comuna 18,1,1,0,3.3792577,-76.5609333
ASP-547FBSXH,Aspirator,TRUE,2021-01-05 12:54:45,Comuna 18,2,2,0,3.3792361,-76.546418
ASP-RIQLMQHE,Aspirator,TRUE,2021-01-05 13:01:05,Comuna 18,0,,,3.3765673,-76.5515944
ASP-9INAM3UW,Aspirator,TRUE,2021-01-05 13:36:37,Comuna 18,0,,,3.3735211,-76.5456726
ASP-9HKPMBOQ,Aspirator,TRUE,2021-01-05 13:58:11,Comuna 18,0,,,3.3711093,-76.5567972
ASP-9V69CQAI,Aspirator,TRUE,2021-01-05 13:59:46,Comuna 18,11,11,6,3.3718627,-76.5488846
ASP-D86ML6F4,Aspirator,TRUE,2021-01-05 14:12:53,Comuna 18,3,3,3,3.3763628,-76.5570105
ASP-TYU2CO2W,Aspirator,TRUE,2021-01-05 14:20:55,Comuna 18,0,,,3.3838749,-76.5595885
ASP-AXGEOI0N,Aspirator,TRUE,2021-01-05 14:22:21,Comuna 18,0,,,3.3841498,-76.5650849
ASP-3OOY35TF,Aspirator,TRUE,2021-01-05 14:29:37,Comuna 18,0,,,3.3890558,-76.5631783
ASP-RWAPF01D,Aspirator,TRUE,2021-01-05 14:33:46,Comuna 18,6,6,6,3.3900111,-76.5617599
ASP-ZXQVAGQ5,Aspirator,TRUE,2021-01-05 14:43:31,Comuna 18,3,3,3,3.3875896,-76.5580953
ASP-V7QS3GJ7,Aspirator,TRUE,2021-01-05 14:48:25,Comuna 18,0,,,3.3864899,-76.5535085
ASP-9V9LWAGE,Aspirator,TRUE,2021-01-05 14:55:42,Comuna 18,0,,,3.3899424,-76.5480228
ASP-Y5O47158,Aspirator,TRUE,2021-01-05 15:01:02,Comuna 18,0,,,3.3914042,-76.5506279
ASP-TOJPPGIK,Aspirator,TRUE,2021-01-05 15:03:11,Comuna 18,0,,,3.3954305,-76.5473351
ASP-8B3Q13ST,Aspirator,TRUE,2021-01-05 15:06:27,Comuna 18,0,,,3.3943205,-76.5525214
ASP-740ICKY9,Aspirator,TRUE,2021-01-07 13:44:38,Comuna 18,5,5,5,3.3865762,-76.5482812
ASP-GOFECZ51,Aspirator,TRUE,2021-01-07 14:14:30,Comuna 18,7,7,7,3.3865762,-76.5482812
ASP-TOJPPGIK,Aspirator,TRUE,2021-01-12 13:47:37,Comuna 18,0,,,3.3954305,-76.5473351
ASP-8B3Q13ST,Aspirator,TRUE,2021-01-12 13:48:59,Comuna 18,0,,,3.3943205,-76.5525214
ASP-Y5O47158,Aspirator,TRUE,2021-01-12 13:51:13,Comuna 18,0,,,3.3914042,-76.5506279
ASP-9V9LWAGE,Aspirator,TRUE,2021-01-12 13:52:31,Comuna 18,0,,,3.3899424,-76.5480228
ASP-V7QS3GJ7,Aspirator,TRUE,2021-01-12 13:53:56,Comuna 18,2,2,2,3.3864899,-76.5535085
ASP-ZXQVAGQ5,Aspirator,TRUE,2021-01-12 13:57:17,Comuna 18,0,,,3.3875896,-76.5580953
ASP-RWAPF01D,Aspirator,TRUE,2021-01-12 13:59:16,Comuna 18,1,1,1,3.3900111,-76.5617599
ASP-3OOY35TF,Aspirator,TRUE,2021-01-12 14:01:43,Comuna 18,1,1,0,3.3890558,-76.5631783
ASP-AXGEOI0N,Aspirator,TRUE,2021-01-12 14:03:03,Comuna 18,4,4,1,3.3841498,-76.5650849
ASP-VQ95PH74,Aspirator,TRUE,2021-01-12 14:07:28,Comuna 18,4,4,1,3.3792577,-76.5609333
ASP-D86ML6F4,Aspirator,TRUE,2021-01-12 14:09:40,Comuna 18,0,,,3.3763628,-76.5570105
ASP-VK7F1O2U,Aspirator,TRUE,2021-01-12 14:13:17,Comuna 18,0,,,3.3755322,-76.5549691
ASP-9HKPMBOQ,Aspirator,TRUE,2021-01-12 14:15:22,Comuna 18,0,,,3.3711093,-76.5567972
ASP-RIQLMQHE,Aspirator,TRUE,2021-01-12 14:35:45,Comuna 18,0,,,3.3765673,-76.5515944
ASP-9V69CQAI,Aspirator,TRUE,2021-01-12 14:37:17,Comuna 18,0,,,3.3718627,-76.5488846
ASP-9INAM3UW,Aspirator,TRUE,2021-01-12 14:56:46,Comuna 18,0,,,3.3735211,-76.5456726
ASP-547FBSXH,Aspirator,TRUE,2021-01-12 15:06:54,Comuna 18,5,5,1,3.3792361,-76.546418
ASP-VQ95PH74,Aspirator,TRUE,2021-01-19 10:18:03,Comuna 18,0,,,3.3792577,-76.5609333
ASP-AXGEOI0N,Aspirator,TRUE,2021-01-19 11:49:24,Comuna 18,1,1,1,3.3841498,-76.5650849
ASP-3OOY35TF,Aspirator,TRUE,2021-01-19 11:51:15,Comuna 18,5,5,0,3.3890558,-76.5631783
ASP-TYU2CO2W,Aspirator,TRUE,2021-01-19 12:04:56,Comuna 18,1,1,1,3.3838749,-76.5595885
ASP-RWAPF01D,Aspirator,TRUE,2021-01-19 12:09:10,Comuna 18,1,1,0,3.3900111,-76.5617599
ASP-ZXQVAGQ5,Aspirator,TRUE,2021-01-19 12:17:10,Comuna 18,0,,,3.3875896,-76.5580953
ASP-D86ML6F4,Aspirator,TRUE,2021-01-19 12:24:16,Comuna 18,1,1,1,3.3763628,-76.5570105
ASP-VK7F1O2U,Aspirator,TRUE,2021-01-19 12:38:29,Comuna 18,0,,,3.3755322,-76.5549691
ASP-RIQLMQHE,Aspirator,TRUE,2021-01-19 12:39:22,Comuna 18,4,4,2,3.3765673,-76.5515944
ASP-547FBSXH,Aspirator,TRUE,2021-01-19 12:51:17,Comuna 18,0,,,3.3792361,-76.546418
ASP-9INAM3UW,Aspirator,TRUE,2021-01-19 13:01:18,Comuna 18,0,,,3.3735211,-76.5456726
ASP-9V69CQAI,Aspirator,TRUE,2021-01-19 13:15:34,Comuna 18,0,,,3.3718627,-76.5488846
ASP-9HKPMBOQ,Aspirator,TRUE,2021-01-19 13:20:07,Comuna 18,4,4,1,3.3711093,-76.5567972
ASP-V7QS3GJ7,Aspirator,TRUE,2021-01-19 13:39:46,Comuna 18,0,,,3.3864899,-76.5535085
ASP-8B3Q13ST,Aspirator,TRUE,2021-01-19 13:40:30,Comuna 18,0,,,3.3943205,-76.5525214
ASP-Y5O47158,Aspirator,TRUE,2021-01-19 13:45:07,Comuna 18,0,,,3.3914042,-76.5506279
ASP-9V9LWAGE,Aspirator,TRUE,2021-01-19 13:49:57,Comuna 18,0,,,3.3899424,-76.5480228
ASP-TOJPPGIK,Aspirator,TRUE,2021-01-19 13:56:30,Comuna 18,0,,,3.3954305,-76.5473351
ASP-WUYMGAWD,Aspirator,TRUE,2021-01-21 14:13:20,Comuna 18,1,1,1,3.3813037,-76.5489115
ASP-IZWSKM8S,Aspirator,TRUE,2021-01-21 14:15:32,Comuna 18,3,3,3,3.3832135,-76.547081
ASP-AXGEOI0N,Aspirator,TRUE,2021-01-25 14:07:17,Comuna 18,0,,,3.3841498,-76.5650849
ASP-Y5O47158,Aspirator,TRUE,2021-01-25 14:09:48,Comuna 18,6,6,0,3.3914042,-76.5506279
ASP-9V9LWAGE,Aspirator,TRUE,2021-01-25 14:12:12,Comuna 18,2,2,0,3.3899424,-76.5480228
ASP-TOJPPGIK,Aspirator,TRUE,2021-01-25 14:14:32,Comuna 18,2,2,2,3.3954305,-76.5473351
ASP-8B3Q13ST,Aspirator,TRUE,2021-01-25 14:16:05,Comuna 18,0,,,3.3943205,-76.5525214
ASP-V7QS3GJ7,Aspirator,TRUE,2021-01-25 14:18:15,Comuna 18,9,9,2,3.3864899,-76.5535085
ASP-ZXQVAGQ5,Aspirator,TRUE,2021-01-25 14:20:32,Comuna 18,3,3,2,3.3875896,-76.5580953
ASP-RWAPF01D,Aspirator,TRUE,2021-01-25 14:21:54,Comuna 18,9,9,7,3.3900111,-76.5617599
ASP-3OOY35TF,Aspirator,TRUE,2021-01-25 14:23:13,Comuna 18,1,1,0,3.3890558,-76.5631783
ASP-TYU2CO2W,Aspirator,TRUE,2021-01-25 14:25:09,Comuna 18,3,3,0,3.3838749,-76.5595885
ASP-VQ95PH74,Aspirator,TRUE,2021-01-25 14:26:32,Comuna 18,1,1,0,3.3792577,-76.5609333
ASP-D86ML6F4,Aspirator,TRUE,2021-01-25 14:28:11,Comuna 18,1,1,0,3.3763628,-76.5570105
ASP-547FBSXH,Aspirator,TRUE,2021-01-25 14:30:37,Comuna 18,9,9,1,3.3792361,-76.546418
ASP-VK7F1O2U,Aspirator,TRUE,2021-01-25 14:32:14,Comuna 18,0,,,3.3755322,-76.5549691
ASP-RIQLMQHE,Aspirator,TRUE,2021-01-25 14:33:26,Comuna 18,0,,,3.3765673,-76.5515944
ASP-9INAM3UW,Aspirator,TRUE,2021-01-25 14:35:19,Comuna 18,2,2,0,3.3735211,-76.5456726
ASP-9V69CQAI,Aspirator,TRUE,2021-01-25 14:36:12,Comuna 18,0,,,3.3718627,-76.5488846
ASP-9HKPMBOQ,Aspirator,TRUE,2021-01-25 14:37:03,Comuna 18,5,5,3,3.3711093,-76.5567972
ASP-BMVKZFAU,Aspirator,TRUE,2021-01-28 11:41:00,Comuna 18,1,1,0,3.3853495,-76.5472139
ASP-FM4WE9TQ,Aspirator,TRUE,2021-01-28 15:36:05,Comuna 18,0,,,3.3815173,-76.5487168
ASP-AXGEOI0N,Aspirator,TRUE,2021-02-02 13:21:15,Comuna 18,1,1,0,3.3841498,-76.5650849
ASP-3OOY35TF,Aspirator,TRUE,2021-02-02 13:21:41,Comuna 18,3,3,1,3.3890558,-76.5631783
ASP-RWAPF01D,Aspirator,TRUE,2021-02-02 13:22:03,Comuna 18,4,4,2,3.3900111,-76.5617599
ASP-VQ95PH74,Aspirator,TRUE,2021-02-02 13:22:25,Comuna 18,2,2,1,3.3792577,-76.5609333
ASP-TYU2CO2W,Aspirator,TRUE,2021-02-02 13:22:49,Comuna 18,2,2,1,3.3838749,-76.5595885
ASP-ZXQVAGQ5,Aspirator,TRUE,2021-02-02 13:24:05,Comuna 18,4,4,3,3.3875896,-76.5580953
ASP-D86ML6F4,Aspirator,TRUE,2021-02-02 13:24:42,Comuna 18,1,1,0,3.3763628,-76.5570105
ASP-9INAM3UW,Aspirator,TRUE,2021-02-02 13:25:23,Comuna 18,0,,,3.3735211,-76.5456726
ASP-9V69CQAI,Aspirator,TRUE,2021-02-02 13:26:36,Comuna 18,0,,,3.3718627,-76.5488846
ASP-RIQLMQHE,Aspirator,TRUE,2021-02-02 13:29:51,Comuna 18,0,,,3.3765673,-76.5515944
ASP-9HKPMBOQ,Aspirator,TRUE,2021-02-02 13:32:32,Comuna 18,2,2,1,3.3711093,-76.5567972
ASP-VK7F1O2U,Aspirator,TRUE,2021-02-02 13:33:24,Comuna 18,1,1,0,3.3755322,-76.5549691
ASP-547FBSXH,Aspirator,TRUE,2021-02-02 13:33:55,Comuna 18,1,1,0,3.3792361,-76.546418
ASP-V7QS3GJ7,Aspirator,TRUE,2021-02-02 13:34:47,Comuna 18,0,,,3.3864899,-76.5535085
ASP-9V9LWAGE,Aspirator,TRUE,2021-02-02 13:35:31,Comuna 18,0,,,3.3899424,-76.5480228
ASP-8B3Q13ST,Aspirator,TRUE,2021-02-02 13:35:55,Comuna 18,14,14,5,3.3943205,-76.5525214
ASP-TOJPPGIK,Aspirator,TRUE,2021-02-02 13:36:43,Comuna 18,0,,,3.3954305,-76.5473351
ASP-Y5O47158,Aspirator,TRUE,2021-02-02 13:50:58,Comuna 18,11,11,2,3.3914042,-76.5506279
ASP-5EDEA9NT,Aspirator,TRUE,2021-02-04 12:53:08,Comuna 18,5,5,5,3.3812544,-76.5489092
ASP-LK8YTIE5,Aspirator,TRUE,2021-02-04 12:56:31,Comuna 18,1,1,0,3.3813158,-76.5488331
ASP-TOJPPGIK,Aspirator,TRUE,2021-02-08 13:33:40,Comuna 18,8,8,4,3.3954305,-76.5473351
ASP-D86ML6F4,Aspirator,TRUE,2021-02-08 13:52:57,Comuna 18,7,7,2,3.3763628,-76.5570105
ASP-AXGEOI0N,Aspirator,TRUE,2021-02-08 14:12:09,Comuna 18,1,1,0,3.3841498,-76.5650849
ASP-3OOY35TF,Aspirator,TRUE,2021-02-08 14:19:41,Comuna 18,1,1,0,3.3890558,-76.5631783
ASP-VK7F1O2U,Aspirator,TRUE,2021-02-08 14:22:32,Comuna 18,1,1,1,3.3755322,-76.5549691
ASP-RWAPF01D,Aspirator,TRUE,2021-02-08 14:23:47,Comuna 18,1,1,0,3.3900111,-76.5617599
ASP-TYU2CO2W,Aspirator,TRUE,2021-02-08 14:26:06,Comuna 18,0,,,3.3838749,-76.5595885
ASP-VQ95PH74,Aspirator,TRUE,2021-02-08 14:27:17,Comuna 18,1,1,1,3.3792577,-76.5609333
ASP-8B3Q13ST,Aspirator,TRUE,2021-02-08 14:29:03,Comuna 18,8,8,5,3.3943205,-76.5525214
ASP-Y5O47158,Aspirator,TRUE,2021-02-08 14:32:40,Comuna 18,4,4,0,3.3914042,-76.5506279
ASP-9V9LWAGE,Aspirator,TRUE,2021-02-08 14:34:03,Comuna 18,0,,,3.3899424,-76.5480228
ASP-ZXQVAGQ5,Aspirator,TRUE,2021-02-08 14:35:49,Comuna 18,13,13,7,3.3875896,-76.5580953
ASP-V7QS3GJ7,Aspirator,TRUE,2021-02-08 14:37:56,Comuna 18,21,15,4,3.3864899,-76.5535085
ASP-9V69CQAI,Aspirator,TRUE,2021-02-08 14:44:15,Comuna 18,15,15,4,3.3718627,-76.5488846
ASP-9INAM3UW,Aspirator,TRUE,2021-02-08 14:47:40,Comuna 18,2,2,0,3.3735211,-76.5456726
ASP-547FBSXH,Aspirator,TRUE,2021-02-08 14:49:22,Comuna 18,5,5,5,3.3792361,-76.546418
ASP-9HKPMBOQ,Aspirator,TRUE,2021-02-08 14:51:14,Comuna 18,2,2,1,3.3711093,-76.5567972
ASP-RIQLMQHE,Aspirator,TRUE,2021-02-08 14:52:29,Comuna 18,2,2,2,3.3765673,-76.5515944
ASP-4O3VJ2BP,Aspirator,FALSE,2021-02-11 8:47:46,Comuna 18,,,,3.3943855,-76.5510263
ASP-72LFRBU2,Aspirator,FALSE,2021-02-11 9:33:48,Comuna 18,,,,3.3914737,-76.5582601
ASP-P29RC0I4,Aspirator,TRUE,2021-02-11 9:57:57,Comuna 18,2,2,0,3.3905972,-76.5536767
ASP-TGVKJKYP,Aspirator,TRUE,2021-02-11 10:22:19,Comuna 18,2,2,0,3.3849258,-76.5532722
ASP-ZJGTMWGN,Aspirator,TRUE,2021-02-11 11:22:31,Comuna 18,2,2,2,3.3876271,-76.5487404
ASP-QO9P6TB7,Aspirator,FALSE,2021-02-11 11:41:40,Comuna 18,,,,3.3797349,-76.557115
ASP-I4TI3NHK,Aspirator,FALSE,2021-02-11 12:05:24,Comuna 18,,,,3.3763381,-76.5597552
ASP-EFS6GIGP,Aspirator,FALSE,2021-02-11 12:26:05,Comuna 18,,,,3.3723831,-76.5519222
ASP-FD5DWWES,Aspirator,TRUE,2021-02-11 12:39:20,Comuna 18,1,1,1,3.3759788,-76.5483954
ASP-45NEA5HX,Aspirator,FALSE,2021-02-11 12:57:47,Comuna 18,,,,3.3778267,-76.5536432
ASP-NEBAYZHB,Aspirator,TRUE,2021-02-11 14:17:29,Comuna 18,3,3,3,3.383761023,-76.54763802
ASP-3OOY35TF,Aspirator,FALSE,2021-02-17 8:21:27,Comuna 18,,,,3.3890558,-76.5631783
ASP-I4TI3NHK,Aspirator,FALSE,2021-02-17 8:38:25,Comuna 18,,,,3.3763381,-76.5597552
ASP-RWAPF01D,Aspirator,TRUE,2021-02-17 8:40:25,Comuna 18,3,3,1,3.3900111,-76.5617599
ASP-AXGEOI0N,Aspirator,TRUE,2021-02-17 9:06:05,Comuna 18,1,1,1,3.3841498,-76.5650849
ASP-EFS6GIGP,Aspirator,TRUE,2021-02-17 9:16:38,Comuna 18,1,1,1,3.3723831,-76.5519222
ASP-VQ95PH74,Aspirator,TRUE,2021-02-17 9:44:38,Comuna 18,3,3,0,3.3792577,-76.5609333
ASP-FD5DWWES,Aspirator,TRUE,2021-02-17 10:00:04,Comuna 18,1,1,0,3.3759788,-76.5483954
ASP-45NEA5HX,Aspirator,FALSE,2021-02-17 10:11:22,Comuna 18,,,,3.3778267,-76.5536432
ASP-D86ML6F4,Aspirator,TRUE,2021-02-17 10:14:39,Comuna 18,5,5,5,3.3763628,-76.5570105
ASP-QO9P6TB7,Aspirator,TRUE,2021-02-17 10:32:45,Comuna 18,1,1,0,3.3797349,-76.557115
ASP-VK7F1O2U,Aspirator,TRUE,2021-02-17 10:34:55,Comuna 18,0,,,3.3755322,-76.5549691
ASP-RIQLMQHE,Aspirator,TRUE,2021-02-17 10:49:35,Comuna 18,2,2,1,3.3765673,-76.5515944
ASP-TGVKJKYP,Aspirator,TRUE,2021-02-17 10:54:37,Comuna 18,0,,,3.3849258,-76.5532722
ASP-P29RC0I4,Aspirator,TRUE,2021-02-17 11:16:58,Comuna 18,0,,,3.3905972,-76.5536767
ASP-547FBSXH,Aspirator,TRUE,2021-02-17 11:23:35,Comuna 18,3,3,2,3.3792361,-76.546418
ASP-9INAM3UW,Aspirator,TRUE,2021-02-17 11:35:21,Comuna 18,0,,,3.3735211,-76.5456726
ASP-4O3VJ2BP,Aspirator,TRUE,2021-02-17 11:39:36,Comuna 18,1,1,0,3.3943855,-76.5510263
ASP-9V69CQAI,Aspirator,TRUE,2021-02-17 11:48:15,Comuna 18,3,3,3,3.3718627,-76.5488846
ASP-ZJGTMWGN,Aspirator,TRUE,2021-02-17 11:50:29,Comuna 18,4,4,2,3.3876271,-76.5487404
ASP-72LFRBU2,Aspirator,TRUE,2021-02-17 12:01:40,Comuna 18,1,1,1,3.3914737,-76.5582601
ASP-9HKPMBOQ,Aspirator,TRUE,2021-02-17 12:05:33,Comuna 18,1,1,1,3.3711093,-76.5567972
ASP-TYU2CO2W,Aspirator,FALSE,2021-02-17 12:27:39,Comuna 18,,,,3.3838749,-76.5595885
ASP-ZXQVAGQ5,Aspirator,TRUE,2021-02-17 12:40:16,Comuna 18,14,11,10,3.3875896,-76.5580953
ASP-V7QS3GJ7,Aspirator,TRUE,2021-02-17 12:52:41,Comuna 18,26,19,7,3.3864899,-76.5535085
ASP-9V9LWAGE,Aspirator,TRUE,2021-02-17 13:13:28,Comuna 18,1,1,0,3.3899424,-76.5480228
ASP-TOJPPGIK,Aspirator,FALSE,2021-02-17 13:29:09,Comuna 18,,,,3.3954305,-76.5473351
ASP-8B3Q13ST,Aspirator,TRUE,2021-02-17 13:40:32,Comuna 18,0,,,3.3943205,-76.5525214
ASP-Y5O47158,Aspirator,TRUE,2021-02-17 13:55:35,Comuna 18,2,2,1,3.3914042,-76.5506279
ASP-FM4WE9TQ,Aspirator,TRUE,2021-02-18 11:32:30,Comuna 18,5,5,4,3.3815173,-76.5487168
ASP-BMVKZFAU,Aspirator,FALSE,2021-02-18 11:32:57,Comuna 18,,,,3.3853495,-76.5472139
ASP-3OOY35TF,Aspirator,TRUE,2021-02-22 8:25:00,Comuna 18,3,3,1,3.3890558,-76.5631783
ASP-AXGEOI0N,Aspirator,TRUE,2021-02-22 8:44:36,Comuna 18,0,,,3.3841498,-76.5650849
ASP-VQ95PH74,Aspirator,FALSE,2021-02-22 9:29:33,Comuna 18,,,,3.3792577,-76.5609333
ASP-D86ML6F4,Aspirator,TRUE,2021-02-22 10:03:55,Comuna 18,3,3,2,3.3763628,-76.5570105
ASP-VK7F1O2U,Aspirator,TRUE,2021-02-22 12:15:21,Comuna 18,1,1,1,3.3755322,-76.5549691
ASP-RIQLMQHE,Aspirator,TRUE,2021-02-22 13:18:39,Comuna 18,4,4,4,3.3765673,-76.5515944
ASP-547FBSXH,Aspirator,TRUE,2021-02-22 13:20:14,Comuna 18,1,1,0,3.3792361,-76.546418
ASP-9INAM3UW,Aspirator,TRUE,2021-02-22 13:43:12,Comuna 18,0,,,3.3735211,-76.5456726
ASP-9V69CQAI,Aspirator,TRUE,2021-02-22 14:06:29,Comuna 18,0,,,3.3718627,-76.5488846
ASP-9HKPMBOQ,Aspirator,FALSE,2021-02-22 14:18:10,Comuna 18,,,,3.3711093,-76.5567972
ASP-RWAPF01D,Aspirator,TRUE,2021-02-22 15:58:18,Comuna 18,1,1,1,3.3900111,-76.5617599
ASP-8B3Q13ST,Aspirator,FALSE,2021-02-22 16:00:03,Comuna 18,,,,3.3943205,-76.5525214
ASP-TYU2CO2W,Aspirator,TRUE,2021-02-22 16:01:37,Comuna 18,0,,,3.3838749,-76.5595885
ASP-ZXQVAGQ5,Aspirator,TRUE,2021-02-22 16:02:39,Comuna 18,6,6,4,3.3875896,-76.5580953
ASP-V7QS3GJ7,Aspirator,TRUE,2021-02-22 16:03:52,Comuna 18,17,16,5,3.3864899,-76.5535085
ASP-9V9LWAGE,Aspirator,FALSE,2021-02-22 16:06:10,Comuna 18,,,,3.3899424,-76.5480228
ASP-Y5O47158,Aspirator,TRUE,2021-02-22 16:07:01,Comuna 18,18,13,2,3.3914042,-76.5506279
ASP-TOJPPGIK,Aspirator,TRUE,2021-02-22 16:08:03,Comuna 18,6,6,4,3.3954305,-76.5473351
ASP-4O3VJ2BP,Aspirator,TRUE,2021-02-24 8:14:47,Comuna 18,2,2,1,3.3943855,-76.5510263
ASP-P29RC0I4,Aspirator,FALSE,2021-02-24 8:45:16,Comuna 18,,,,3.3905972,-76.5536767
ASP-ZJGTMWGN,Aspirator,TRUE,2021-02-24 9:04:56,Comuna 18,4,4,3,3.3876271,-76.5487404
ASP-TGVKJKYP,Aspirator,FALSE,2021-02-24 9:36:18,Comuna 18,,,,3.3849258,-76.5532722
ASP-QO9P6TB7,Aspirator,TRUE,2021-02-24 10:03:36,Comuna 18,2,2,1,3.3797349,-76.557115
ASP-I4TI3NHK,Aspirator,FALSE,2021-02-24 10:25:21,Comuna 18,,,,3.3763381,-76.5597552
ASP-EFS6GIGP,Aspirator,TRUE,2021-02-24 10:40:58,Comuna 18,1,1,1,3.3723831,-76.5519222
ASP-FD5DWWES,Aspirator,FALSE,2021-02-24 10:53:35,Comuna 18,,,,3.3759788,-76.5483954
ASP-45NEA5HX,Aspirator,FALSE,2021-02-24 12:00:22,Comuna 18,,,,3.3778267,-76.5536432
ASP-72LFRBU2,Aspirator,FALSE,2021-02-24 12:16:38,Comuna 18,,,,3.3914737,-76.5582601
ASP-MJ1OIOK2,Aspirator,TRUE,2021-02-25 15:01:28,Comuna 18,1,1,1,3.383032264,-76.54684878
ASP-TOJPPGIK,Aspirator,TRUE,2021-03-02 9:08:57,Comuna 18,1,1,1,3.3954305,-76.5473351
ASP-8B3Q13ST,Aspirator,TRUE,2021-03-02 9:33:31,Comuna 18,0,,,3.3943205,-76.5525214
ASP-4O3VJ2BP,Aspirator,FALSE,2021-03-02 9:34:26,Comuna 18,,,,3.3943855,-76.5510263
ASP-72LFRBU2,Aspirator,TRUE,2021-03-02 9:49:57,Comuna 18,0,,,3.3914737,-76.5582601
ASP-ZXQVAGQ5,Aspirator,TRUE,2021-03-02 10:02:58,Comuna 18,9,9,8,3.3875896,-76.5580953
ASP-TYU2CO2W,Aspirator,TRUE,2021-03-02 10:20:09,Comuna 18,5,5,4,3.3838749,-76.5595885
ASP-RWAPF01D,Aspirator,TRUE,2021-03-02 10:47:24,Comuna 18,10,10,5,3.3900111,-76.5617599
ASP-P29RC0I4,Aspirator,TRUE,2021-03-02 11:04:10,Comuna 18,4,4,2,3.3905972,-76.5536767
ASP-V7QS3GJ7,Aspirator,TRUE,2021-03-02 11:19:52,Comuna 18,23,16,10,3.3864899,-76.5535085
ASP-TGVKJKYP,Aspirator,TRUE,2021-03-02 11:49:35,Comuna 18,1,1,0,3.3849258,-76.5532722
ASP-ZJGTMWGN,Aspirator,TRUE,2021-03-02 12:05:12,Comuna 18,2,2,1,3.3876271,-76.5487404
ASP-9V9LWAGE,Aspirator,TRUE,2021-03-02 12:23:34,Comuna 18,1,1,0,3.3899424,-76.5480228
ASP-Y5O47158,Aspirator,TRUE,2021-03-02 12:38:03,Comuna 18,2,2,0,3.3914042,-76.5506279
ASP-QO9P6TB7,Aspirator,TRUE,2021-03-02 13:08:20,Comuna 18,1,1,1,3.3797349,-76.557115
ASP-I4TI3NHK,Aspirator,FALSE,2021-03-02 13:41:39,Comuna 18,,,,3.3763381,-76.5597552
ASP-45NEA5HX,Aspirator,FALSE,2021-03-02 14:05:17,Comuna 18,,,,3.3778267,-76.5536432
ASP-RIQLMQHE,Aspirator,FALSE,2021-03-02 14:06:53,Comuna 18,,,,3.3765673,-76.5515944
ASP-VQ95PH74,Aspirator,TRUE,2021-03-02 14:44:55,Comuna 18,1,1,1,3.3792577,-76.5609333
ASP-3OOY35TF,Aspirator,TRUE,2021-03-02 14:46:55,Comuna 18,1,1,1,3.3890558,-76.5631783
ASP-AXGEOI0N,Aspirator,TRUE,2021-03-02 14:48:16,Comuna 18,0,,,3.3841498,-76.5650849
ASP-D86ML6F4,Aspirator,TRUE,2021-03-02 15:00:01,Comuna 18,1,1,0,3.3763628,-76.5570105
ASP-VK7F1O2U,Aspirator,TRUE,2021-03-02 15:01:24,Comuna 18,0,,,3.3755322,-76.5549691
ASP-9HKPMBOQ,Aspirator,FALSE,2021-03-02 15:10:11,Comuna 18,,,,3.3711093,-76.5567972
ASP-547FBSXH,Aspirator,TRUE,2021-03-02 15:11:14,Comuna 18,7,7,7,3.3792361,-76.546418
ASP-9INAM3UW,Aspirator,TRUE,2021-03-02 15:12:29,Comuna 18,13,12,12,3.3735211,-76.5456726
ASP-9V69CQAI,Aspirator,TRUE,2021-03-02 15:13:30,Comuna 18,0,,,3.3718627,-76.5488846
ASP-FD5DWWES,Aspirator,TRUE,2021-03-02 15:14:40,Comuna 18,2,2,2,3.3759788,-76.5483954
ASP-EFS6GIGP,Aspirator,TRUE,2021-03-02 15:15:57,Comuna 18,2,2,2,3.3723831,-76.5519222
ASP-BMVKZFAU,Aspirator,TRUE,2021-03-04 9:55:33,Comuna 18,12,12,12,3.3853495,-76.5472139
ASP-FM4WE9TQ,Aspirator,TRUE,2021-03-04 13:10:58,Comuna 18,1,1,1,3.3815173,-76.5487168
ASP-8B3Q13ST,Aspirator,TRUE,2021-03-09 8:25:31,Comuna 18,0,,,3.3943205,-76.5525214
ASP-4O3VJ2BP,Aspirator,TRUE,2021-03-09 8:52:09,Comuna 18,3,3,2,3.3943855,-76.5510263
ASP-TOJPPGIK,Aspirator,FALSE,2021-03-09 9:29:10,Comuna 18,,,,3.3954305,-76.5473351
ASP-72LFRBU2,Aspirator,TRUE,2021-03-09 9:42:15,Comuna 18,2,2,0,3.3914737,-76.5582601
ASP-ZXQVAGQ5,Aspirator,TRUE,2021-03-09 9:49:32,Comuna 18,36,14,14,3.3875896,-76.5580953
ASP-V7QS3GJ7,Aspirator,TRUE,2021-03-09 10:01:17,Comuna 18,33,20,5,3.3864899,-76.5535085
ASP-TGVKJKYP,Aspirator,TRUE,2021-03-09 10:15:29,Comuna 18,1,1,0,3.3849258,-76.5532722
ASP-P29RC0I4,Aspirator,TRUE,2021-03-09 10:32:52,Comuna 18,2,2,0,3.3905972,-76.5536767
ASP-Y5O47158,Aspirator,TRUE,2021-03-09 10:40:00,Comuna 18,3,3,1,3.3914042,-76.5506279
ASP-9V9LWAGE,Aspirator,TRUE,2021-03-09 10:51:20,Comuna 18,1,1,0,3.3899424,-76.5480228
ASP-ZJGTMWGN,Aspirator,TRUE,2021-03-09 10:59:51,Comuna 18,2,2,2,3.3876271,-76.5487404
ASP-RWAPF01D,Aspirator,TRUE,2021-03-09 11:25:08,Comuna 18,13,13,6,3.3900111,-76.5617599
ASP-3OOY35TF,Aspirator,FALSE,2021-03-09 11:40:07,Comuna 18,,,,3.3890558,-76.5631783
ASP-TYU2CO2W,Aspirator,TRUE,2021-03-09 12:03:05,Comuna 18,1,1,1,3.3838749,-76.5595885
ASP-AXGEOI0N,Aspirator,TRUE,2021-03-09 12:22:28,Comuna 18,0,,,3.3841498,-76.5650849
ASP-VQ95PH74,Aspirator,TRUE,2021-03-09 12:49:15,Comuna 18,2,2,1,3.3792577,-76.5609333
ASP-I4TI3NHK,Aspirator,TRUE,2021-03-09 13:05:38,Comuna 18,2,2,0,3.3763381,-76.5597552
ASP-QO9P6TB7,Aspirator,TRUE,2021-03-09 13:26:06,Comuna 18,2,2,2,3.3797349,-76.557115
ASP-D86ML6F4,Aspirator,TRUE,2021-03-09 13:35:37,Comuna 18,1,1,1,3.3763628,-76.5570105
ASP-VK7F1O2U,Aspirator,TRUE,2021-03-09 13:57:47,Comuna 18,0,,,3.3755322,-76.5549691
ASP-45NEA5HX,Aspirator,FALSE,2021-03-09 14:15:44,Comuna 18,,,,3.3778267,-76.5536432
ASP-RIQLMQHE,Aspirator,TRUE,2021-03-09 14:30:24,Comuna 18,1,1,0,3.3765673,-76.5515944
ASP-FD5DWWES,Aspirator,TRUE,2021-03-09 14:41:26,Comuna 18,1,1,0,3.3759788,-76.5483954
ASP-9V69CQAI,Aspirator,TRUE,2021-03-09 14:58:29,Comuna 18,0,,,3.3718627,-76.5488846
ASP-9HKPMBOQ,Aspirator,TRUE,2021-03-09 15:17:09,Comuna 18,1,1,0,3.3711093,-76.5567972
ASP-EFS6GIGP,Aspirator,TRUE,2021-03-09 15:31:01,Comuna 18,0,,,3.3723831,-76.5519222
ASP-9INAM3UW,Aspirator,TRUE,2021-03-09 16:13:59,Comuna 18,3,3,3,3.3735211,-76.5456726
ASP-547FBSXH,Aspirator,TRUE,2021-03-09 16:31:10,Comuna 18,9,9,8,3.3792361,-76.546418
ASP-BMVKZFAU,Aspirator,TRUE,2021-03-11 12:28:13,Comuna 18,2,2,2,3.3853495,-76.5472139
ASP-FM4WE9TQ,Aspirator,TRUE,2021-03-11 12:35:56,Comuna 18,12,12,4,3.3815173,-76.5487168
ASP-QO9P6TB7,Aspirator,TRUE,2021-03-16 8:35:19,Comuna 18,0,,,3.3797349,-76.557115
ASP-4O3VJ2BP,Aspirator,TRUE,2021-03-16 8:45:06,Comuna 18,4,4,4,3.3943855,-76.5510263
ASP-VQ95PH74,Aspirator,FALSE,2021-03-16 8:53:52,Comuna 18,,,,3.3792577,-76.5609333
ASP-TOJPPGIK,Aspirator,TRUE,2021-03-16 9:03:04,Comuna 18,12,11,7,3.3954305,-76.5473351
ASP-8B3Q13ST,Aspirator,FALSE,2021-03-16 9:04:23,Comuna 18,,,,3.3943205,-76.5525214
ASP-Y5O47158,Aspirator,TRUE,2021-03-16 9:16:16,Comuna 18,3,3,0,3.3914042,-76.5506279
ASP-P29RC0I4,Aspirator,TRUE,2021-03-16 9:32:19,Comuna 18,5,5,3,3.3905972,-76.5536767
ASP-V7QS3GJ7,Aspirator,TRUE,2021-03-16 9:35:54,Comuna 18,27,19,9,3.3864899,-76.5535085
ASP-VK7F1O2U,Aspirator,TRUE,2021-03-16 9:36:51,Comuna 18,1,1,0,3.3755322,-76.5549691
ASP-TGVKJKYP,Aspirator,TRUE,2021-03-16 9:57:59,Comuna 18,2,2,2,3.3849258,-76.5532722
ASP-45NEA5HX,Aspirator,TRUE,2021-03-16 10:05:10,Comuna 18,1,1,1,3.3778267,-76.5536432
ASP-ZJGTMWGN,Aspirator,TRUE,2021-03-16 10:14:39,Comuna 18,5,5,4,3.3876271,-76.5487404
ASP-FD5DWWES,Aspirator,TRUE,2021-03-16 10:22:58,Comuna 18,1,1,1,3.3759788,-76.5483954
ASP-9V9LWAGE,Aspirator,TRUE,2021-03-16 10:29:32,Comuna 18,1,1,1,3.3899424,-76.5480228
ASP-547FBSXH,Aspirator,TRUE,2021-03-16 10:42:12,Comuna 18,8,8,7,3.3792361,-76.546418
ASP-72LFRBU2,Aspirator,TRUE,2021-03-16 10:50:33,Comuna 18,2,2,2,3.3914737,-76.5582601
ASP-9INAM3UW,Aspirator,TRUE,2021-03-16 11:05:06,Comuna 18,28,16,15,3.3735211,-76.5456726
ASP-AXGEOI0N,Aspirator,TRUE,2021-03-16 11:07:26,Comuna 18,5,5,5,3.3841498,-76.5650849
ASP-ZXQVAGQ5,Aspirator,TRUE,2021-03-16 11:08:48,Comuna 18,48,16,14,3.3875896,-76.5580953
ASP-RWAPF01D,Aspirator,TRUE,2021-03-16 11:10:38,Comuna 18,2,2,2,3.3900111,-76.5617599
ASP-TYU2CO2W,Aspirator,TRUE,2021-03-16 11:26:45,Comuna 18,4,4,4,3.3838749,-76.5595885
ASP-I4TI3NHK,Aspirator,TRUE,2021-03-16 11:37:03,Comuna 18,0,,,3.3763381,-76.5597552
ASP-D86ML6F4,Aspirator,TRUE,2021-03-16 11:41:18,Comuna 18,0,,,3.3763628,-76.5570105
ASP-3OOY35TF,Aspirator,TRUE,2021-03-16 11:42:26,Comuna 18,4,4,1,3.3890558,-76.5631783
ASP-RIQLMQHE,Aspirator,TRUE,2021-03-16 11:42:45,Comuna 18,8,8,8,3.3765673,-76.5515944
ASP-9V69CQAI,Aspirator,TRUE,2021-03-16 11:47:57,Comuna 18,0,,,3.3718627,-76.5488846
ASP-9HKPMBOQ,Aspirator,FALSE,2021-03-16 12:05:26,Comuna 18,,,,3.3711093,-76.5567972
ASP-EFS6GIGP,Aspirator,FALSE,2021-03-16 12:32:42,Comuna 18,,,,3.3723831,-76.5519222
ASP-BMVKZFAU,Aspirator,TRUE,2021-03-18 10:52:28,Comuna 18,2,2,2,3.3853495,-76.5472139
ASP-FM4WE9TQ,Aspirator,TRUE,2021-03-18 11:54:31,Comuna 18,14,14,14,3.3815173,-76.5487168
ASP-8B3Q13ST,Aspirator,TRUE,2021-03-23 8:56:51,Comuna 18,0,,,3.3943205,-76.5525214
ASP-TOJPPGIK,Aspirator,TRUE,2021-03-23 9:11:33,Comuna 18,8,8,5,3.3954305,-76.5473351
ASP-4O3VJ2BP,Aspirator,TRUE,2021-03-23 9:12:50,Comuna 18,1,1,0,3.3943855,-76.5510263
ASP-9INAM3UW,Aspirator,TRUE,2021-03-23 9:15:53,Comuna 18,4,4,4,3.3735211,-76.5456726
ASP-RWAPF01D,Aspirator,TRUE,2021-03-23 9:32:46,Comuna 18,47,10,8,3.3900111,-76.5617599
ASP-Y5O47158,Aspirator,TRUE,2021-03-23 9:39:22,Comuna 18,4,4,3,3.3914042,-76.5506279
ASP-9V69CQAI,Aspirator,TRUE,2021-03-23 9:39:43,Comuna 18,0,,,3.3718627,-76.5488846
ASP-P29RC0I4,Aspirator,TRUE,2021-03-23 9:51:12,Comuna 18,0,,,3.3905972,-76.5536767
ASP-EFS6GIGP,Aspirator,TRUE,2021-03-23 9:55:46,Comuna 18,7,7,7,3.3723831,-76.5519222
ASP-V7QS3GJ7,Aspirator,TRUE,2021-03-23 10:01:59,Comuna 18,26,20,10,3.3864899,-76.5535085
ASP-72LFRBU2,Aspirator,TRUE,2021-03-23 10:21:41,Comuna 18,3,3,1,3.3914737,-76.5582601
ASP-ZXQVAGQ5,Aspirator,TRUE,2021-03-23 10:38:47,Comuna 18,18,10,9,3.3875896,-76.5580953
ASP-9HKPMBOQ,Aspirator,TRUE,2021-03-23 10:40:35,Comuna 18,0,,,3.3711093,-76.5567972
ASP-TYU2CO2W,Aspirator,TRUE,2021-03-23 10:56:13,Comuna 18,2,2,1,3.3838749,-76.5595885
ASP-RIQLMQHE,Aspirator,TRUE,2021-03-23 11:00:59,Comuna 18,2,2,0,3.3765673,-76.5515944
ASP-3OOY35TF,Aspirator,TRUE,2021-03-23 11:04:18,Comuna 18,9,9,9,3.3890558,-76.5631783
ASP-TGVKJKYP,Aspirator,TRUE,2021-03-23 11:16:46,Comuna 18,1,1,1,3.3849258,-76.5532722
ASP-VK7F1O2U,Aspirator,TRUE,2021-03-23 11:26:28,Comuna 18,1,1,1,3.3755322,-76.5549691
ASP-D86ML6F4,Aspirator,TRUE,2021-03-23 11:38:16,Comuna 18,1,1,1,3.3763628,-76.5570105
ASP-AXGEOI0N,Aspirator,TRUE,2021-03-23 11:40:59,Comuna 18,4,4,4,3.3841498,-76.5650849
ASP-9V9LWAGE,Aspirator,TRUE,2021-03-23 11:54:52,Comuna 18,5,5,4,3.3899424,-76.5480228
ASP-45NEA5HX,Aspirator,TRUE,2021-03-23 12:03:38,Comuna 18,1,1,1,3.3778267,-76.5536432
ASP-QO9P6TB7,Aspirator,TRUE,2021-03-23 12:19:50,Comuna 18,1,1,1,3.3797349,-76.557115
ASP-ZJGTMWGN,Aspirator,FALSE,2021-03-23 12:30:55,Comuna 18,,,,3.3876271,-76.5487404
ASP-I4TI3NHK,Aspirator,TRUE,2021-03-23 12:39:38,Comuna 18,1,1,1,3.3763381,-76.5597552
ASP-VQ95PH74,Aspirator,TRUE,2021-03-23 12:59:52,Comuna 18,2,2,0,3.3792577,-76.5609333
ASP-FD5DWWES,Aspirator,TRUE,2021-03-23 13:36:51,Comuna 18,2,2,1,3.3759788,-76.5483954
ASP-547FBSXH,Aspirator,TRUE,2021-03-23 13:58:11,Comuna 18,4,4,4,3.3792361,-76.546418
ASP-BMVKZFAU,Aspirator,TRUE,2021-03-25 13:06:40,Comuna 18,6,6,6,3.3853495,-76.5472139
ASP-FM4WE9TQ,Aspirator,TRUE,2021-03-25 13:07:23,Comuna 18,13,10,10,3.3815173,-76.5487168
ASP-I4TI3NHK,Aspirator,FALSE,2021-04-05 9:25:33,Comuna 18,,,,3.3763381,-76.5597552
ASP-VQ95PH74,Aspirator,TRUE,2021-04-05 9:47:40,Comuna 18,1,1,0,3.3792577,-76.5609333
ASP-QO9P6TB7,Aspirator,TRUE,2021-04-05 10:03:43,Comuna 18,1,1,1,3.3797349,-76.557115
ASP-D86ML6F4,Aspirator,TRUE,2021-04-05 10:22:35,Comuna 18,4,4,4,3.3763628,-76.5570105
ASP-VK7F1O2U,Aspirator,TRUE,2021-04-05 10:37:24,Comuna 18,0,,,3.3755322,-76.5549691
ASP-45NEA5HX,Aspirator,TRUE,2021-04-05 10:52:48,Comuna 18,1,1,1,3.3778267,-76.5536432
ASP-RIQLMQHE,Aspirator,TRUE,2021-04-05 11:12:14,Comuna 18,1,1,1,3.3765673,-76.5515944
ASP-FD5DWWES,Aspirator,TRUE,2021-04-05 11:33:21,Comuna 18,12,10,9,3.3759788,-76.5483954
ASP-547FBSXH,Aspirator,TRUE,2021-04-05 11:47:00,Comuna 18,2,2,0,3.3792361,-76.546418
ASP-9INAM3UW,Aspirator,TRUE,2021-04-05 12:00:15,Comuna 18,4,4,4,3.3735211,-76.5456726
ASP-9V69CQAI,Aspirator,TRUE,2021-04-05 12:13:22,Comuna 18,0,,,3.3718627,-76.5488846
ASP-4O3VJ2BP,Aspirator,TRUE,2021-04-05 12:29:07,Comuna 18,18,10,8,3.3943855,-76.5510263
ASP-8B3Q13ST,Aspirator,TRUE,2021-04-05 12:29:27,Comuna 18,0,,,3.3943205,-76.5525214
ASP-TOJPPGIK,Aspirator,TRUE,2021-04-05 12:29:45,Comuna 18,17,10,7,3.3954305,-76.5473351
ASP-RWAPF01D,Aspirator,TRUE,2021-04-05 12:30:12,Comuna 18,2,2,2,3.3900111,-76.5617599
ASP-Y5O47158,Aspirator,TRUE,2021-04-05 12:30:31,Comuna 18,5,5,2,3.3914042,-76.5506279
ASP-P29RC0I4,Aspirator,TRUE,2021-04-05 12:30:49,Comuna 18,0,,,3.3905972,-76.5536767
ASP-EFS6GIGP,Aspirator,TRUE,2021-04-05 12:30:53,Comuna 18,3,3,3,3.3723831,-76.5519222
ASP-V7QS3GJ7,Aspirator,TRUE,2021-04-05 12:31:08,Comuna 18,17,10,3,3.3864899,-76.5535085
ASP-TGVKJKYP,Aspirator,TRUE,2021-04-05 12:31:23,Comuna 18,4,4,3,3.3849258,-76.5532722
ASP-72LFRBU2,Aspirator,TRUE,2021-04-05 12:31:54,Comuna 18,1,1,1,3.3914737,-76.5582601
ASP-ZXQVAGQ5,Aspirator,TRUE,2021-04-05 12:32:10,Comuna 18,5,5,3,3.3875896,-76.5580953
ASP-TYU2CO2W,Aspirator,TRUE,2021-04-05 12:32:41,Comuna 18,2,2,1,3.3838749,-76.5595885
ASP-3OOY35TF,Aspirator,TRUE,2021-04-05 12:33:05,Comuna 18,1,1,0,3.3890558,-76.5631783
ASP-9V9LWAGE,Aspirator,TRUE,2021-04-05 12:33:23,Comuna 18,4,4,1,3.3899424,-76.5480228
ASP-ZJGTMWGN,Aspirator,TRUE,2021-04-05 12:33:39,Comuna 18,3,3,2,3.3876271,-76.5487404
ASP-AXGEOI0N,Aspirator,FALSE,2021-04-05 12:34:01,Comuna 18,,,,3.3841498,-76.5650849
ASP-9HKPMBOQ,Aspirator,TRUE,2021-04-05 12:47:09,Comuna 18,2,2,1,3.3711093,-76.5567972
ASP-FM4WE9TQ,Aspirator,TRUE,2021-04-08 11:12:21,Comuna 18,2,2,2,3.3815173,-76.5487168
ASP-BMVKZFAU,Aspirator,TRUE,2021-04-08 11:12:47,Comuna 18,11,10,10,3.3853495,-76.5472139
ASP-TOJPPGIK,Aspirator,TRUE,2021-04-12 11:42:17,Comuna 18,2,2,1,3.3954305,-76.5473351
ASP-4O3VJ2BP,Aspirator,TRUE,2021-04-12 11:43:33,Comuna 18,0,,,3.3943855,-76.5510263
ASP-8B3Q13ST,Aspirator,TRUE,2021-04-12 11:44:24,Comuna 18,2,2,1,3.3943205,-76.5525214
ASP-Y5O47158,Aspirator,TRUE,2021-04-12 11:45:30,Comuna 18,4,4,2,3.3914042,-76.5506279
ASP-P29RC0I4,Aspirator,TRUE,2021-04-12 11:46:18,Comuna 18,0,,,3.3905972,-76.5536767
ASP-72LFRBU2,Aspirator,TRUE,2021-04-12 11:48:00,Comuna 18,3,3,2,3.3914737,-76.5582601
ASP-RWAPF01D,Aspirator,TRUE,2021-04-12 11:49:19,Comuna 18,6,6,5,3.3900111,-76.5617599
ASP-3OOY35TF,Aspirator,TRUE,2021-04-12 11:50:31,Comuna 18,2,2,1,3.3890558,-76.5631783
ASP-ZXQVAGQ5,Aspirator,TRUE,2021-04-12 11:51:32,Comuna 18,4,4,3,3.3875896,-76.5580953
ASP-V7QS3GJ7,Aspirator,TRUE,2021-04-12 11:53:04,Comuna 18,19,11,4,3.3864899,-76.5535085
ASP-TGVKJKYP,Aspirator,TRUE,2021-04-12 11:54:20,Comuna 18,4,4,1,3.3849258,-76.5532722
ASP-TYU2CO2W,Aspirator,TRUE,2021-04-12 11:55:42,Comuna 18,2,2,1,3.3838749,-76.5595885
ASP-9V9LWAGE,Aspirator,TRUE,2021-04-12 11:56:37,Comuna 18,2,2,1,3.3899424,-76.5480228
ASP-ZJGTMWGN,Aspirator,TRUE,2021-04-12 11:57:32,Comuna 18,6,6,5,3.3876271,-76.5487404
ASP-AXGEOI0N,Aspirator,TRUE,2021-04-12 11:58:31,Comuna 18,1,1,0,3.3841498,-76.5650849
ASP-9INAM3UW,Aspirator,TRUE,2021-04-12 14:01:51,Comuna 18,0,,,3.3735211,-76.5456726
ASP-9V69CQAI,Aspirator,TRUE,2021-04-12 14:02:39,Comuna 18,0,,,3.3718627,-76.5488846
ASP-EFS6GIGP,Aspirator,TRUE,2021-04-12 14:03:35,Comuna 18,0,,,3.3723831,-76.5519222
ASP-9HKPMBOQ,Aspirator,TRUE,2021-04-12 14:04:26,Comuna 18,0,,,3.3711093,-76.5567972
ASP-FD5DWWES,Aspirator,TRUE,2021-04-12 14:05:21,Comuna 18,1,1,1,3.3759788,-76.5483954
ASP-RIQLMQHE,Aspirator,TRUE,2021-04-12 14:06:01,Comuna 18,1,1,0,3.3765673,-76.5515944
ASP-547FBSXH,Aspirator,TRUE,2021-04-12 14:07:02,Comuna 18,1,1,1,3.3792361,-76.546418
ASP-VK7F1O2U,Aspirator,TRUE,2021-04-12 14:07:45,Comuna 18,2,2,2,3.3755322,-76.5549691
ASP-D86ML6F4,Aspirator,TRUE,2021-04-12 14:08:38,Comuna 18,5,5,2,3.3763628,-76.5570105
ASP-45NEA5HX,Aspirator,TRUE,2021-04-12 14:09:24,Comuna 18,1,1,1,3.3778267,-76.5536432
ASP-I4TI3NHK,Aspirator,TRUE,2021-04-12 14:10:18,Comuna 18,5,5,1,3.3763381,-76.5597552
ASP-QO9P6TB7,Aspirator,TRUE,2021-04-12 14:11:06,Comuna 18,3,3,1,3.3797349,-76.557115
ASP-VQ95PH74,Aspirator,TRUE,2021-04-12 14:12:10,Comuna 18,4,4,0,3.3792577,-76.5609333
ASP-FM4WE9TQ,Aspirator,TRUE,2021-04-15 10:04:34,Comuna 18,0,,,3.3815173,-76.5487168
ASP-BMVKZFAU,Aspirator,TRUE,2021-04-15 10:07:02,Comuna 18,4,4,3,3.3853495,-76.5472139
ASP-V7QS3GJ7,Aspirator,TRUE,2021-04-15 10:53:20,Comuna 18,,,,3.3864899,-76.5535085
C18_PK_PR_2,Aspirator,TRUE,2021-07-26 8:43:45,Comuna 18,0,,,3.393106279,-76.55604957
ASP-TOJPPGIK,Aspirator,TRUE,2021-07-26 8:48:19,Comuna 18,3,,,3.3954305,-76.5473351
ASP-8B3Q13ST,Aspirator,TRUE,2021-07-26 8:53:08,Comuna 18,9,,,3.3943205,-76.5525214
ASP-4O3VJ2BP,Aspirator,TRUE,2021-07-26 8:58:39,Comuna 18,3,,,3.3943855,-76.5510263
ASP-Y5O47158,Aspirator,TRUE,2021-07-26 9:14:19,Comuna 18,10,,,3.3914042,-76.5506279
C18_PK_PR,Aspirator,TRUE,2021-07-26 9:30:40,Comuna 18,5,,,3.391836069,-76.54767035
ASP-9V9LWAGE,Aspirator,TRUE,2021-07-26 9:37:34,Comuna 18,13,,,3.3899424,-76.5480228
ASP-ZJGTMWGN,Aspirator,TRUE,2021-07-26 9:56:37,Comuna 18,8,,,3.3876271,-76.5487404
ASP-9V69CQAI,Aspirator,TRUE,2021-07-26 10:51:14,Comuna 18,0,,,3.3718627,-76.5488846
ASP-9INAM3UW,Aspirator,TRUE,2021-07-26 11:04:13,Comuna 18,2,,,3.3735211,-76.5456726
ASP-547FBSXH,Aspirator,TRUE,2021-07-26 11:21:02,Comuna 18,1,,,3.3792361,-76.546418
ASP-FD5DWWES,Aspirator,TRUE,2021-07-26 11:34:49,Comuna 18,7,,,3.3759788,-76.5483954
ASP-RIQLMQHE,Aspirator,TRUE,2021-07-26 12:04:45,Comuna 18,2,,,3.3765673,-76.5515944
C18_PK_PR_5,Aspirator,TRUE,2021-07-26 12:07:03,Comuna 18,4,,,3.37448993,-76.5501809
ASP-TYU2CO2W,Aspirator,TRUE,2021-07-26 12:26:31,Comuna 18,6,,,3.3838749,-76.5595885
C18_PK_PR_4,Aspirator,TRUE,2021-07-27 10:06:56,Comuna 18,27,,,3.384514657,-76.5566182
ASP-TGVKJKYP,Aspirator,TRUE,2021-07-27 10:20:22,Comuna 18,11,,,3.3849258,-76.5532722
ASP-V7QS3GJ7,Aspirator,TRUE,2021-07-27 10:22:31,Comuna 18,32,,,3.3864899,-76.5535085
ASP-ZXQVAGQ5,Aspirator,TRUE,2021-07-27 11:03:55,Comuna 18,18,,,3.3875896,-76.5580953
ASP-P29RC0I4,Aspirator,TRUE,2021-07-27 11:19:09,Comuna 18,5,,,3.3905972,-76.5536767
C18_PK_PR_3,Aspirator,TRUE,2021-07-27 11:28:14,Comuna 18,8,,,3.38934491,-76.55623196
ASP-72LFRBU2,Aspirator,TRUE,2021-07-27 11:29:14,Comuna 18,2,,,3.3914737,-76.5582601
ASP-BMVKZFAU,Aspirator,TRUE,2021-07-28 14:35:27,Comuna 18,2,,,3.3853495,-76.5472139
ASP-FM4WE9TQ,Aspirator,TRUE,2021-07-28 14:37:34,Comuna 18,2,,,3.3815173,-76.5487168
ASP-WNX37072,Aspirator,TRUE,2020-11-27 9:04:27,Comuna 20,2,2,0,3.4172103,-76.564548
ASP-KSXAQC6G,Aspirator,TRUE,2020-11-27 9:26:57,Comuna 20,0,,,3.4197788,-76.565214
ASP-REQP0TXD,Aspirator,TRUE,2020-11-27 9:55:54,Comuna 20,1,1,0,3.4133018,-76.5628312
ASP-9D3U4T85,Aspirator,TRUE,2020-11-27 10:50:14,Comuna 20,0,,,3.4154102,-76.5566545
ASP-1DC569IG,Aspirator,TRUE,2020-11-27 12:52:31,Comuna 20,3,3,0,3.4182733,-76.5600825
ASP-NB5T07W7,Aspirator,TRUE,2020-11-27 13:31:55,Comuna 20,5,5,1,3.4237608,-76.558272
ASP-WBHDE0HA,Aspirator,TRUE,2020-11-27 13:47:53,Comuna 20,1,1,1,3.4180889,-76.5671443
ASP-L82BU5GV,Aspirator,TRUE,2020-11-27 15:07:02,Comuna 20,1,1,1,3.4277721,-76.5532889
ASP-X55KQZNH,Aspirator,TRUE,2020-11-27 15:28:46,Comuna 20,5,5,3,3.426326,-76.5559376
ASP-SIM5WWXT,Aspirator,TRUE,2020-12-03 8:55:50,Comuna 20,0,,,3.4181917,-76.5596986
ASP-NB5T07W7,Aspirator,TRUE,2020-12-03 9:25:40,Comuna 20,0,,,3.4237608,-76.558272
ASP-WBHDE0HA,Aspirator,FALSE,2020-12-03 9:27:20,Comuna 20,,,,3.4180889,-76.5671443
ASP-6QK4JAPH,Aspirator,FALSE,2020-12-03 9:42:45,Comuna 20,,,,3.4234066,-76.5548842
ASP-1DC569IG,Aspirator,TRUE,2020-12-03 10:45:42,Comuna 20,2,2,1,3.4182733,-76.5600825
ASP-X55KQZNH,Aspirator,TRUE,2020-12-03 10:54:00,Comuna 20,0,,,3.426326,-76.5559376
ASP-REQP0TXD,Aspirator,TRUE,2020-12-03 10:57:42,Comuna 20,0,,,3.4133018,-76.5628312
ASP-L82BU5GV,Aspirator,TRUE,2020-12-03 11:14:53,Comuna 20,2,2,0,3.4277721,-76.5532889
ASP-D90LIOE4,Aspirator,TRUE,2020-12-03 11:26:53,Comuna 20,2,2,1,3.4205615,-76.55531
ASP-TTLV2ZJI,Aspirator,TRUE,2020-12-03 11:45:39,Comuna 20,1,1,1,3.4154635,-76.5566758
ASP-SNO504Z8,Aspirator,TRUE,2020-12-03 12:04:13,Comuna 20,0,,,3.4230024,-76.5619635
ASP-WNX37072,Aspirator,TRUE,2020-12-03 12:49:00,Comuna 20,4,4,3,3.4172103,-76.564548
ASP-TTLV2ZJI,Aspirator,TRUE,2020-12-11 9:38:12,Comuna 20,2,2,0,3.4154635,-76.5566758
ASP-1HC0GP1N,Aspirator,TRUE,2020-12-11 10:03:54,Comuna 20,4,4,0,3.413833,-76.5614853
ASP-WNX37072,Aspirator,TRUE,2020-12-11 10:34:40,Comuna 20,2,2,0,3.4172103,-76.564548
ASP-0SC16IN1,Aspirator,FALSE,2020-12-11 11:23:49,Comuna 20,,,,3.4209794,-76.5643292
ASP-TOP3A8F6,Aspirator,TRUE,2020-12-11 12:01:29,Comuna 20,5,5,0,3.4236231,-76.5621913
ASP-1DC569IG,Aspirator,FALSE,2020-12-11 12:37:49,Comuna 20,,,,3.4182733,-76.5600825
ASP-GB2HH176,Aspirator,FALSE,2020-12-11 13:11:17,Comuna 20,,,,3.4206472,-76.5553415
ASP-1EKHAKCA,Aspirator,TRUE,2020-12-11 13:34:36,Comuna 20,1,1,0,3.4266564,-76.5563045
ASP-L82BU5GV,Aspirator,TRUE,2020-12-11 14:36:00,Comuna 20,1,1,0,3.4277721,-76.5532889
ASP-D90LIOE4,Aspirator,TRUE,2020-12-11 15:05:27,Comuna 20,1,1,0,3.4205615,-76.55531
ASP-TTLV2ZJI,Aspirator,TRUE,2020-12-16 7:36:36,Comuna 20,0,,,3.4154635,-76.5566758
ASP-1HC0GP1N,Aspirator,TRUE,2020-12-16 7:54:03,Comuna 20,0,,,3.413833,-76.5614853
ASP-WNX37072,Aspirator,TRUE,2020-12-16 8:07:50,Comuna 20,1,1,0,3.4172103,-76.564548
ASP-GNMH4J82,Aspirator,TRUE,2020-12-16 8:30:45,Comuna 20,3,3,0,3.4209811,-76.5643726
ASP-TW9LNTJO,Aspirator,TRUE,2020-12-16 8:34:35,Comuna 20,1,1,0,3.4182801,-76.5601355
ASP-FVIJVNCK,Aspirator,TRUE,2020-12-16 8:49:24,Comuna 20,1,1,1,3.42672,-76.556355
ASP-L82BU5GV,Aspirator,TRUE,2020-12-16 9:21:32,Comuna 20,1,1,1,3.4277721,-76.5532889
ASP-1EKHAKCA,Aspirator,TRUE,2020-12-16 9:43:49,Comuna 20,3,3,1,3.4266564,-76.5563045
ASP-D90LIOE4,Aspirator,TRUE,2020-12-16 10:56:44,Comuna 20,1,1,0,3.4205615,-76.55531
ASP-TOP3A8F6,Aspirator,TRUE,2020-12-16 10:58:54,Comuna 20,0,,,3.4236231,-76.5621913
ASP-N7S5ZQ70,Aspirator,TRUE,2020-12-21 9:22:44,Comuna 20,5,5,1,3.4158192,-76.5549772
ASP-5VRG43X8,Aspirator,TRUE,2020-12-21 10:12:05,Comuna 20,2,2,1,3.4126871,-76.5564057
ASP-8FYFIQZA,Aspirator,TRUE,2020-12-21 10:41:56,Comuna 20,5,5,0,3.4139346,-76.5610643
ASP-WNX37072,Aspirator,FALSE,2020-12-21 11:13:55,Comuna 20,,,,3.4172103,-76.564548
ASP-GNMH4J82,Aspirator,FALSE,2020-12-21 13:24:30,Comuna 20,,,,3.4209811,-76.5643726
ASP-QAVTYQOA,Aspirator,TRUE,2020-12-21 13:47:09,Comuna 20,2,2,1,3.4235397,-76.5622535
ASP-FVIJVNCK,Aspirator,TRUE,2020-12-21 14:12:23,Comuna 20,1,1,0,3.42672,-76.556355
ASP-TW9LNTJO,Aspirator,FALSE,2020-12-21 14:39:12,Comuna 20,,,,3.4182801,-76.5601355
ASP-D90LIOE4,Aspirator,FALSE,2020-12-21 15:04:13,Comuna 20,,,,3.4205615,-76.55531
ASP-L82BU5GV,Aspirator,TRUE,2020-12-21 15:23:58,Comuna 20,1,1,0,3.4277721,-76.5532889
ASP-N7S5ZQ70,Aspirator,TRUE,2020-12-28 8:49:02,Comuna 20,8,8,0,3.4158192,-76.5549772
ASP-5VRG43X8,Aspirator,TRUE,2020-12-28 9:03:51,Comuna 20,2,2,0,3.4126871,-76.5564057
ASP-8FYFIQZA,Aspirator,TRUE,2020-12-28 9:37:00,Comuna 20,1,1,0,3.4139346,-76.5610643
ASP-3KPVU6JR,Aspirator,TRUE,2020-12-28 9:58:31,Comuna 20,4,4,1,3.41625,-76.5636665
ASP-BE4OF193,Aspirator,TRUE,2020-12-28 10:49:13,Comuna 20,2,2,0,3.4222257,-76.560137
ASP-QAVTYQOA,Aspirator,TRUE,2020-12-28 11:12:04,Comuna 20,2,2,1,3.4235397,-76.5622535
ASP-89I7V8GA,Aspirator,TRUE,2020-12-28 11:41:18,Comuna 20,1,1,0,3.4178757,-76.5598906
ASP-L82BU5GV,Aspirator,TRUE,2020-12-28 12:08:22,Comuna 20,1,1,0,3.4277721,-76.5532889
ASP-FVIJVNCK,Aspirator,TRUE,2020-12-28 12:26:54,Comuna 20,6,6,1,3.42672,-76.556355
ASP-CFAJ8MR8,Aspirator,FALSE,2020-12-28 12:39:14,Comuna 20,,,,3.4205614,-76.5554068
ASP-N7S5ZQ70,Aspirator,TRUE,2021-01-04 9:18:57,Comuna 20,10,10,0,3.4158192,-76.5549772
ASP-5VRG43X8,Aspirator,TRUE,2021-01-04 9:41:21,Comuna 20,1,1,0,3.4126871,-76.5564057
ASP-8FYFIQZA,Aspirator,TRUE,2021-01-04 10:27:12,Comuna 20,3,3,1,3.4139346,-76.5610643
ASP-89I7V8GA,Aspirator,TRUE,2021-01-04 10:52:02,Comuna 20,2,2,0,3.4178757,-76.5598906
ASP-3KPVU6JR,Aspirator,TRUE,2021-01-04 11:10:16,Comuna 20,2,2,0,3.41625,-76.5636665
ASP-QAVTYQOA,Aspirator,TRUE,2021-01-04 11:30:20,Comuna 20,2,2,0,3.4235397,-76.5622535
ASP-BE4OF193,Aspirator,TRUE,2021-01-04 11:44:30,Comuna 20,7,7,0,3.4222257,-76.560137
ASP-L82BU5GV,Aspirator,TRUE,2021-01-04 12:18:12,Comuna 20,1,1,0,3.4277721,-76.5532889
ASP-FVIJVNCK,Aspirator,TRUE,2021-01-04 12:29:17,Comuna 20,3,3,0,3.42672,-76.556355
ASP-93BVAPY0,Aspirator,FALSE,2021-01-04 12:46:32,Comuna 20,,,,3.42055,-76.5552598
ASP-J00IVPD3,Aspirator,TRUE,2021-01-04 12:58:48,Comuna 20,1,1,1,3.4236203,-76.5582582
ASP-L82BU5GV,Aspirator,TRUE,2021-01-14 9:57:19,Comuna 20,2,2,1,3.4277721,-76.5532889
ASP-FVIJVNCK,Aspirator,TRUE,2021-01-14 9:58:36,Comuna 20,1,1,1,3.42672,-76.556355
ASP-93BVAPY0,Aspirator,TRUE,2021-01-14 10:00:18,Comuna 20,3,3,1,3.42055,-76.5552598
ASP-N7S5ZQ70,Aspirator,TRUE,2021-01-14 10:02:30,Comuna 20,3,3,2,3.4158192,-76.5549772
ASP-5VRG43X8,Aspirator,TRUE,2021-01-14 10:03:51,Comuna 20,2,2,2,3.4126871,-76.5564057
ASP-8FYFIQZA,Aspirator,TRUE,2021-01-14 10:05:33,Comuna 20,2,2,1,3.4139346,-76.5610643
ASP-3KPVU6JR,Aspirator,TRUE,2021-01-14 10:07:02,Comuna 20,2,2,2,3.41625,-76.5636665
ASP-BE4OF193,Aspirator,TRUE,2021-01-14 11:38:49,Comuna 20,0,,,3.4222257,-76.560137
ASP-89I7V8GA,Aspirator,TRUE,2021-01-14 11:40:04,Comuna 20,3,3,0,3.4178757,-76.5598906
ASP-QAVTYQOA,Aspirator,TRUE,2021-01-14 11:41:57,Comuna 20,3,3,0,3.4235397,-76.5622535
ASP-J00IVPD3,Aspirator,TRUE,2021-01-14 11:49:52,Comuna 20,3,3,0,3.4236203,-76.5582582
ASP-5VRG43X8,Aspirator,TRUE,2021-01-20 9:43:11,Comuna 20,0,,,3.4126871,-76.5564057
ASP-89I7V8GA,Aspirator,TRUE,2021-01-20 9:54:35,Comuna 20,3,3,3,3.4178757,-76.5598906
ASP-J00IVPD3,Aspirator,TRUE,2021-01-20 9:59:44,Comuna 20,2,2,2,3.4236203,-76.5582582
ASP-N7S5ZQ70,Aspirator,TRUE,2021-01-20 11:55:58,Comuna 20,1,1,0,3.4158192,-76.5549772
ASP-3KPVU6JR,Aspirator,TRUE,2021-01-20 11:57:02,Comuna 20,9,9,0,3.41625,-76.5636665
ASP-8FYFIQZA,Aspirator,TRUE,2021-01-20 12:04:26,Comuna 20,4,4,4,3.4139346,-76.5610643
ASP-BE4OF193,Aspirator,TRUE,2021-01-20 12:07:52,Comuna 20,4,4,0,3.4222257,-76.560137
ASP-QAVTYQOA,Aspirator,TRUE,2021-01-20 12:09:08,Comuna 20,3,3,3,3.4235397,-76.5622535
ASP-93BVAPY0,Aspirator,TRUE,2021-01-20 12:11:28,Comuna 20,4,4,3,3.42055,-76.5552598
ASP-FVIJVNCK,Aspirator,TRUE,2021-01-20 12:21:30,Comuna 20,2,2,2,3.42672,-76.556355
ASP-L82BU5GV,Aspirator,TRUE,2021-01-20 15:48:59,Comuna 20,5,5,1,3.4277721,-76.5532889
ASP-N7S5ZQ70,Aspirator,TRUE,2021-01-27 8:29:10,Comuna 20,2,2,2,3.4158192,-76.5549772
ASP-ZNOU6578,Aspirator,TRUE,2021-01-27 10:19:12,Comuna 20,1,1,0,3.4203393,-76.5659227
ASP-5VRG43X8,Aspirator,TRUE,2021-01-27 11:44:38,Comuna 20,1,1,1,3.4126871,-76.5564057
ASP-8FYFIQZA,Aspirator,TRUE,2021-01-27 11:57:11,Comuna 20,2,2,1,3.4139346,-76.5610643
ASP-3KPVU6JR,Aspirator,TRUE,2021-01-27 11:59:33,Comuna 20,1,1,1,3.41625,-76.5636665
ASP-89I7V8GA,Aspirator,TRUE,2021-01-27 12:06:58,Comuna 20,1,1,1,3.4178757,-76.5598906
ASP-BE4OF193,Aspirator,TRUE,2021-01-27 12:11:06,Comuna 20,2,2,2,3.4222257,-76.560137
ASP-QAVTYQOA,Aspirator,TRUE,2021-01-27 12:13:13,Comuna 20,4,4,4,3.4235397,-76.5622535
ASP-J00IVPD3,Aspirator,TRUE,2021-01-27 12:18:04,Comuna 20,1,1,1,3.4236203,-76.5582582
ASP-93BVAPY0,Aspirator,TRUE,2021-01-27 12:19:55,Comuna 20,2,2,2,3.42055,-76.5552598
ASP-L82BU5GV,Aspirator,TRUE,2021-01-27 12:21:33,Comuna 20,3,3,3,3.4277721,-76.5532889
ASP-FVIJVNCK,Aspirator,TRUE,2021-01-27 12:23:55,Comuna 20,1,1,1,3.42672,-76.556355
ASP-5VRG43X8,Aspirator,TRUE,2021-02-03 8:35:34,Comuna 20,1,1,1,3.4126871,-76.5564057
ASP-BE4OF193,Aspirator,TRUE,2021-02-03 9:34:42,Comuna 20,0,,,3.4222257,-76.560137
ASP-8FYFIQZA,Aspirator,TRUE,2021-02-03 11:41:59,Comuna 20,1,1,0,3.4139346,-76.5610643
ASP-3KPVU6JR,Aspirator,TRUE,2021-02-03 11:43:24,Comuna 20,3,3,3,3.41625,-76.5636665
ASP-ZNOU6578,Aspirator,TRUE,2021-02-03 11:45:39,Comuna 20,1,1,1,3.4203393,-76.5659227
ASP-89I7V8GA,Aspirator,TRUE,2021-02-03 11:47:41,Comuna 20,1,1,0,3.4178757,-76.5598906
ASP-N7S5ZQ70,Aspirator,TRUE,2021-02-03 11:49:31,Comuna 20,0,,,3.4158192,-76.5549772
ASP-QAVTYQOA,Aspirator,TRUE,2021-02-03 11:52:29,Comuna 20,0,,,3.4235397,-76.5622535
ASP-93BVAPY0,Aspirator,TRUE,2021-02-03 11:53:43,Comuna 20,3,3,3,3.42055,-76.5552598
ASP-J00IVPD3,Aspirator,TRUE,2021-02-03 11:55:47,Comuna 20,0,,,3.4236203,-76.5582582
ASP-FVIJVNCK,Aspirator,TRUE,2021-02-03 11:58:09,Comuna 20,4,4,4,3.42672,-76.556355
ASP-L82BU5GV,Aspirator,TRUE,2021-02-03 12:01:21,Comuna 20,3,3,0,3.4277721,-76.5532889
ASP-5VRG43X8,Aspirator,TRUE,2021-02-09 12:16:08,Comuna 20,2,2,2,3.4126871,-76.5564057
ASP-L82BU5GV,Aspirator,TRUE,2021-02-09 12:51:30,Comuna 20,19,16,0,3.4277721,-76.5532889
ASP-ZNOU6578,Aspirator,TRUE,2021-02-09 13:23:42,Comuna 20,3,3,1,3.4203393,-76.5659227
ASP-N7S5ZQ70,Aspirator,TRUE,2021-02-09 13:27:10,Comuna 20,2,2,2,3.4158192,-76.5549772
ASP-BE4OF193,Aspirator,TRUE,2021-02-09 13:36:24,Comuna 20,9,9,0,3.4222257,-76.560137
ASP-FVIJVNCK,Aspirator,TRUE,2021-02-09 13:39:41,Comuna 20,5,5,1,3.42672,-76.556355
ASP-J00IVPD3,Aspirator,TRUE,2021-02-09 13:42:23,Comuna 20,3,3,0,3.4236203,-76.5582582
ASP-93BVAPY0,Aspirator,FALSE,2021-02-09 13:44:23,Comuna 20,,,,3.42055,-76.5552598
ASP-89I7V8GA,Aspirator,TRUE,2021-02-09 13:47:44,Comuna 20,1,1,1,3.4178757,-76.5598906
ASP-QAVTYQOA,Aspirator,TRUE,2021-02-09 13:50:18,Comuna 20,2,2,2,3.4235397,-76.5622535
ASP-3KPVU6JR,Aspirator,TRUE,2021-02-09 13:52:45,Comuna 20,1,1,0,3.41625,-76.5636665
ASP-8FYFIQZA,Aspirator,TRUE,2021-02-09 13:54:44,Comuna 20,34,20,0,3.4139346,-76.5610643
ASP-3KPVU6JR,Aspirator,TRUE,2021-02-16 8:34:58,Comuna 20,0,,,3.41625,-76.5636665
ASP-C25V7658,Aspirator,TRUE,2021-02-16 8:36:28,Comuna 20,1,1,1,3.4183192,-76.5669651
ASP-H4G35CZ4,Aspirator,FALSE,2021-02-16 9:09:14,Comuna 20,,,,3.423145017,-76.56341676
ASP-VEMW55ZI,Aspirator,TRUE,2021-02-16 9:53:52,Comuna 20,1,1,1,3.4223227,-76.5599602
ASP-5O4HRXHG,Aspirator,TRUE,2021-02-16 10:14:22,Comuna 20,1,1,0,3.423851356,-76.55839053
ASP-ZDX42L2X,Aspirator,TRUE,2021-02-16 10:46:40,Comuna 20,1,1,0,3.412322586,-76.56280467
ASP-GN0MJ1ND,Aspirator,TRUE,2021-02-16 11:10:32,Comuna 20,1,1,0,3.4171348,-76.5571348
ASP-4RUCBI9S,Aspirator,FALSE,2021-02-16 11:55:50,Comuna 20,,,,3.428295359,-76.5532764
ASP-ZNOU6578,Aspirator,TRUE,2021-02-16 12:27:17,Comuna 20,1,1,0,3.4203393,-76.5659227
ASP-EZLOIQ8S,Aspirator,TRUE,2021-02-16 12:28:49,Comuna 20,11,11,10,3.420121,-76.5578892
ASP-93BVAPY0,Aspirator,TRUE,2021-02-16 12:28:49,Comuna 20,1,1,0,3.42055,-76.5552598
ASP-FVIJVNCK,Aspirator,TRUE,2021-02-16 12:29:47,Comuna 20,3,3,3,3.42672,-76.556355
ASP-L82BU5GV,Aspirator,TRUE,2021-02-16 12:31:53,Comuna 20,7,7,7,3.4277721,-76.5532889
ASP-QAVTYQOA,Aspirator,TRUE,2021-02-16 12:33:43,Comuna 20,1,1,0,3.4235397,-76.5622535
ASP-BE4OF193,Aspirator,TRUE,2021-02-16 12:36:02,Comuna 20,1,1,0,3.4222257,-76.560137
ASP-J00IVPD3,Aspirator,TRUE,2021-02-16 12:37:16,Comuna 20,0,,,3.4236203,-76.5582582
ASP-8FYFIQZA,Aspirator,TRUE,2021-02-16 12:39:42,Comuna 20,38,20,1,3.4139346,-76.5610643
ASP-5VRG43X8,Aspirator,TRUE,2021-02-16 12:41:50,Comuna 20,1,1,1,3.4126871,-76.5564057
ASP-89I7V8GA,Aspirator,TRUE,2021-02-16 12:56:16,Comuna 20,3,3,3,3.4178757,-76.5598906
ASP-N7S5ZQ70,Aspirator,TRUE,2021-02-16 13:23:01,Comuna 20,11,11,11,3.4158192,-76.5549772
ASP-ZNOU6578,Aspirator,TRUE,2021-02-23 12:16:12,Comuna 20,3,3,3,3.4203393,-76.5659227
ASP-3KPVU6JR,Aspirator,TRUE,2021-02-23 12:19:08,Comuna 20,1,1,0,3.41625,-76.5636665
ASP-BE4OF193,Aspirator,TRUE,2021-02-23 12:22:57,Comuna 20,2,2,2,3.4222257,-76.560137
ASP-QAVTYQOA,Aspirator,TRUE,2021-02-23 12:32:15,Comuna 20,4,4,0,3.4235397,-76.5622535
ASP-L82BU5GV,Aspirator,TRUE,2021-02-23 12:37:05,Comuna 20,5,5,2,3.4277721,-76.5532889
ASP-FVIJVNCK,Aspirator,FALSE,2021-02-23 12:38:19,Comuna 20,,,,3.42672,-76.556355
ASP-J00IVPD3,Aspirator,TRUE,2021-02-23 12:39:49,Comuna 20,3,3,3,3.4236203,-76.5582582
ASP-8FYFIQZA,Aspirator,TRUE,2021-02-23 12:41:13,Comuna 20,17,17,4,3.4139346,-76.5610643
ASP-5VRG43X8,Aspirator,TRUE,2021-02-23 12:42:34,Comuna 20,1,1,1,3.4126871,-76.5564057
ASP-N7S5ZQ70,Aspirator,TRUE,2021-02-23 12:43:59,Comuna 20,1,1,0,3.4158192,-76.5549772
ASP-89I7V8GA,Aspirator,TRUE,2021-02-23 12:45:24,Comuna 20,2,2,1,3.4178757,-76.5598906
ASP-93BVAPY0,Aspirator,TRUE,2021-02-23 12:48:10,Comuna 20,1,1,1,3.42055,-76.5552598
ASP-AFZ56SDG,Aspirator,FALSE,2021-02-25 9:14:45,Comuna 20,,,,3.4240929,-76.5545045
ASP-IUA555LK,Aspirator,TRUE,2021-02-25 9:17:14,Comuna 20,5,5,1,3.4174597,-76.5575746
ASP-9WMMBGG1,Aspirator,FALSE,2021-02-25 9:51:45,Comuna 20,,,,3.4199735,-76.5578082
ASP-OJWHR2DM,Aspirator,TRUE,2021-02-25 11:11:15,Comuna 20,1,1,0,3.4205941,-76.5609503
ASP-XUW2X4F7,Aspirator,TRUE,2021-02-25 11:39:51,Comuna 20,2,2,1,3.4232947,-76.5570368
ASP-N4M1EF1Z,Aspirator,FALSE,2021-02-25 12:05:32,Comuna 20,,,,3.4226836,-76.564239
ASP-S9RUHTV3,Aspirator,TRUE,2021-02-25 12:40:52,Comuna 20,3,3,3,3.4150221,-76.5612278
ASP-7L2Q4E8V,Aspirator,TRUE,2021-02-25 12:51:33,Comuna 20,10,10,10,3.4176382,-76.5636675
ASP-FVIJVNCK,Aspirator,TRUE,2021-03-01 8:50:10,Comuna 20,1,1,1,3.42672,-76.556355
ASP-L82BU5GV,Aspirator,TRUE,2021-03-01 9:31:43,Comuna 20,4,4,4,3.4277721,-76.5532889
ASP-N7S5ZQ70,Aspirator,TRUE,2021-03-01 10:33:28,Comuna 20,4,4,0,3.4158192,-76.5549772
ASP-5VRG43X8,Aspirator,FALSE,2021-03-01 10:45:20,Comuna 20,,,,3.4126871,-76.5564057
ASP-8FYFIQZA,Aspirator,TRUE,2021-03-01 10:59:57,Comuna 20,2,2,1,3.4139346,-76.5610643
ASP-3KPVU6JR,Aspirator,TRUE,2021-03-01 11:19:29,Comuna 20,1,1,1,3.41625,-76.5636665
ASP-89I7V8GA,Aspirator,TRUE,2021-03-01 11:36:17,Comuna 20,4,4,0,3.4178757,-76.5598906
ASP-QAVTYQOA,Aspirator,TRUE,2021-03-01 11:50:45,Comuna 20,1,1,0,3.4235397,-76.5622535
ASP-J00IVPD3,Aspirator,TRUE,2021-03-01 12:13:49,Comuna 20,2,2,1,3.4236203,-76.5582582
ASP-BE4OF193,Aspirator,TRUE,2021-03-01 12:33:17,Comuna 20,11,11,3,3.4222257,-76.560137
ASP-ZNOU6578,Aspirator,TRUE,2021-03-01 13:28:57,Comuna 20,1,1,0,3.4203393,-76.5659227
ASP-93BVAPY0,Aspirator,TRUE,2021-03-01 13:47:55,Comuna 20,1,1,0,3.42055,-76.5552598
ASP-AFZ56SDG,Aspirator,TRUE,2021-03-04 8:55:11,Comuna 20,2,2,0,3.4240929,-76.5545045
ASP-IUA555LK,Aspirator,TRUE,2021-03-04 9:19:05,Comuna 20,8,8,5,3.4174597,-76.5575746
ASP-9WMMBGG1,Aspirator,TRUE,2021-03-04 9:32:33,Comuna 20,1,1,1,3.4199735,-76.5578082
ASP-XUW2X4F7,Aspirator,TRUE,2021-03-04 10:01:43,Comuna 20,4,4,2,3.4232947,-76.5570368
ASP-OJWHR2DM,Aspirator,TRUE,2021-03-04 10:36:43,Comuna 20,3,3,1,3.4205941,-76.5609503
ASP-N4M1EF1Z,Aspirator,TRUE,2021-03-04 10:53:23,Comuna 20,4,4,1,3.4226836,-76.564239
ASP-7L2Q4E8V,Aspirator,TRUE,2021-03-04 11:25:38,Comuna 20,2,2,2,3.4176382,-76.5636675
ASP-S9RUHTV3,Aspirator,TRUE,2021-03-04 11:43:28,Comuna 20,2,2,2,3.4150221,-76.5612278
ASP-7L2Q4E8V,Aspirator,TRUE,2021-03-10 11:59:27,Comuna 20,1,1,0,3.4176382,-76.5636675
ASP-89I7V8GA,Aspirator,TRUE,2021-03-11 10:40:40,Comuna 20,1,1,0,3.4178757,-76.5598906
ASP-3KPVU6JR,Aspirator,FALSE,2021-03-11 11:03:51,Comuna 20,,,,3.41625,-76.5636665
ASP-S9RUHTV3,Aspirator,FALSE,2021-03-11 11:51:21,Comuna 20,,,,3.4150221,-76.5612278
ASP-N4M1EF1Z,Aspirator,TRUE,2021-03-11 12:47:26,Comuna 20,3,3,3,3.4226836,-76.564239
ASP-QAVTYQOA,Aspirator,TRUE,2021-03-11 12:54:53,Comuna 20,1,1,0,3.4235397,-76.5622535
ASP-BE4OF193,Aspirator,TRUE,2021-03-11 13:12:29,Comuna 20,9,9,4,3.4222257,-76.560137
ASP-XUW2X4F7,Aspirator,TRUE,2021-03-11 13:38:58,Comuna 20,2,2,0,3.4232947,-76.5570368
ASP-J00IVPD3,Aspirator,TRUE,2021-03-11 13:44:57,Comuna 20,1,1,1,3.4236203,-76.5582582
ASP-8FYFIQZA,Aspirator,TRUE,2021-03-11 14:20:57,Comuna 20,151,24,1,3.4139346,-76.5610643
ASP-N7S5ZQ70,Aspirator,FALSE,2021-03-11 15:14:44,Comuna 20,,,,3.4158192,-76.5549772
ASP-L82BU5GV,Aspirator,TRUE,2021-03-12 8:27:52,Comuna 20,1,1,0,3.4277721,-76.5532889
ASP-FVIJVNCK,Aspirator,TRUE,2021-03-12 8:50:35,Comuna 20,1,1,1,3.42672,-76.556355
ASP-AFZ56SDG,Aspirator,TRUE,2021-03-12 9:14:52,Comuna 20,2,2,1,3.4240929,-76.5545045
ASP-93BVAPY0,Aspirator,TRUE,2021-03-12 9:42:15,Comuna 20,3,3,0,3.42055,-76.5552598
ASP-IUA555LK,Aspirator,TRUE,2021-03-12 10:02:34,Comuna 20,4,4,0,3.4174597,-76.5575746
ASP-9WMMBGG1,Aspirator,FALSE,2021-03-12 10:30:59,Comuna 20,,,,3.4199735,-76.5578082
ASP-OJWHR2DM,Aspirator,TRUE,2021-03-12 11:05:52,Comuna 20,4,4,0,3.4205941,-76.5609503
ASP-ZNOU6578,Aspirator,TRUE,2021-03-12 11:30:55,Comuna 20,1,1,0,3.4203393,-76.5659227
ASP-5VRG43X8,Aspirator,FALSE,2021-03-12 12:01:36,Comuna 20,,,,3.4126871,-76.5564057
ASP-89I7V8GA,Aspirator,TRUE,2021-03-17 8:25:09,Comuna 20,3,3,3,3.4178757,-76.5598906
ASP-3KPVU6JR,Aspirator,TRUE,2021-03-17 8:38:59,Comuna 20,0,,,3.41625,-76.5636665
ASP-7L2Q4E8V,Aspirator,TRUE,2021-03-17 8:48:43,Comuna 20,8,8,8,3.4176382,-76.5636675
ASP-S9RUHTV3,Aspirator,TRUE,2021-03-17 9:01:47,Comuna 20,3,3,3,3.4150221,-76.5612278
ASP-OJWHR2DM,Aspirator,TRUE,2021-03-17 9:30:29,Comuna 20,2,2,0,3.4205941,-76.5609503
ASP-XUW2X4F7,Aspirator,TRUE,2021-03-17 9:58:35,Comuna 20,2,2,1,3.4232947,-76.5570368
ASP-9WMMBGG1,Aspirator,TRUE,2021-03-17 10:15:35,Comuna 20,3,3,3,3.4199735,-76.5578082
ASP-BE4OF193,Aspirator,TRUE,2021-03-17 10:33:14,Comuna 20,4,4,2,3.4222257,-76.560137
ASP-N4M1EF1Z,Aspirator,TRUE,2021-03-17 10:48:28,Comuna 20,2,2,2,3.4226836,-76.564239
ASP-QAVTYQOA,Aspirator,TRUE,2021-03-17 11:06:04,Comuna 20,7,7,1,3.4235397,-76.5622535
ASP-ZNOU6578,Aspirator,TRUE,2021-03-17 11:17:50,Comuna 20,3,3,1,3.4203393,-76.5659227
ASP-8FYFIQZA,Aspirator,TRUE,2021-03-17 11:42:49,Comuna 20,59,27,1,3.4139346,-76.5610643
ASP-J00IVPD3,Aspirator,TRUE,2021-03-17 11:45:50,Comuna 20,1,1,0,3.4236203,-76.5582582
ASP-L82BU5GV,Aspirator,FALSE,2021-03-17 11:55:11,Comuna 20,,,,3.4277721,-76.5532889
ASP-5VRG43X8,Aspirator,TRUE,2021-03-17 12:05:23,Comuna 20,4,4,4,3.4126871,-76.5564057
ASP-N7S5ZQ70,Aspirator,TRUE,2021-03-17 12:32:51,Comuna 20,2,2,1,3.4158192,-76.5549772
ASP-IUA555LK,Aspirator,TRUE,2021-03-17 12:40:21,Comuna 20,9,9,0,3.4174597,-76.5575746
ASP-93BVAPY0,Aspirator,TRUE,2021-03-17 12:54:31,Comuna 20,0,,,3.42055,-76.5552598
ASP-AFZ56SDG,Aspirator,TRUE,2021-03-17 13:09:05,Comuna 20,3,3,0,3.4240929,-76.5545045
ASP-FVIJVNCK,Aspirator,TRUE,2021-03-17 13:17:33,Comuna 20,10,10,0,3.42672,-76.556355
ASP-3KPVU6JR,Aspirator,TRUE,2021-03-24 9:00:13,Comuna 20,1,1,1,3.41625,-76.5636665
ASP-L82BU5GV,Aspirator,TRUE,2021-03-24 9:07:01,Comuna 20,1,1,0,3.4277721,-76.5532889
ASP-7L2Q4E8V,Aspirator,TRUE,2021-03-24 9:12:19,Comuna 20,1,1,1,3.4176382,-76.5636675
ASP-S9RUHTV3,Aspirator,TRUE,2021-03-24 9:13:42,Comuna 20,3,3,0,3.4150221,-76.5612278
ASP-FVIJVNCK,Aspirator,TRUE,2021-03-24 9:33:44,Comuna 20,3,3,1,3.42672,-76.556355
ASP-8FYFIQZA,Aspirator,TRUE,2021-03-24 9:51:08,Comuna 20,136,10,0,3.4139346,-76.5610643
ASP-AFZ56SDG,Aspirator,TRUE,2021-03-24 10:07:01,Comuna 20,20,10,4,3.4240929,-76.5545045
ASP-QAVTYQOA,Aspirator,TRUE,2021-03-24 10:10:19,Comuna 20,8,8,0,3.4235397,-76.5622535
ASP-N4M1EF1Z,Aspirator,TRUE,2021-03-24 10:28:14,Comuna 20,16,10,10,3.4226836,-76.564239
ASP-93BVAPY0,Aspirator,TRUE,2021-03-24 10:30:46,Comuna 20,6,6,1,3.42055,-76.5552598
ASP-IUA555LK,Aspirator,TRUE,2021-03-24 10:47:56,Comuna 20,11,10,7,3.4174597,-76.5575746
ASP-BE4OF193,Aspirator,TRUE,2021-03-24 11:12:14,Comuna 20,37,10,0,3.4222257,-76.560137
ASP-J00IVPD3,Aspirator,FALSE,2021-03-24 11:15:26,Comuna 20,,,,3.4236203,-76.5582582
ASP-9WMMBGG1,Aspirator,TRUE,2021-03-24 11:22:28,Comuna 20,1,1,0,3.4199735,-76.5578082
ASP-XUW2X4F7,Aspirator,TRUE,2021-03-24 11:28:31,Comuna 20,1,1,0,3.4232947,-76.5570368
ASP-OJWHR2DM,Aspirator,TRUE,2021-03-24 11:50:17,Comuna 20,6,6,1,3.4205941,-76.5609503
ASP-ZNOU6578,Aspirator,TRUE,2021-03-24 11:58:53,Comuna 20,6,6,1,3.4203393,-76.5659227
ASP-89I7V8GA,Aspirator,TRUE,2021-03-24 12:13:32,Comuna 20,1,1,1,3.4178757,-76.5598906
ASP-5VRG43X8,Aspirator,TRUE,2021-03-24 13:12:23,Comuna 20,6,6,1,3.4126871,-76.5564057
ASP-N7S5ZQ70,Aspirator,FALSE,2021-03-24 13:22:16,Comuna 20,,,,3.4158192,-76.5549772
ASP-3KPVU6JR,Aspirator,TRUE,2021-04-06 9:40:40,Comuna 20,0,,,3.41625,-76.5636665
ASP-7L2Q4E8V,Aspirator,TRUE,2021-04-06 9:56:53,Comuna 20,18,10,10,3.4176382,-76.5636675
ASP-S9RUHTV3,Aspirator,TRUE,2021-04-06 10:46:31,Comuna 20,1,1,0,3.4150221,-76.5612278
ASP-N4M1EF1Z,Aspirator,TRUE,2021-04-06 10:47:46,Comuna 20,5,5,4,3.4226836,-76.564239
ASP-BE4OF193,Aspirator,TRUE,2021-04-06 10:49:18,Comuna 20,26,10,5,3.4222257,-76.560137
ASP-XUW2X4F7,Aspirator,TRUE,2021-04-06 11:11:09,Comuna 20,4,4,3,3.4232947,-76.5570368
ASP-J00IVPD3,Aspirator,TRUE,2021-04-06 11:13:21,Comuna 20,13,10,10,3.4236203,-76.5582582
ASP-8FYFIQZA,Aspirator,TRUE,2021-04-06 11:57:39,Comuna 20,99,10,0,3.4139346,-76.5610643
ASP-QAVTYQOA,Aspirator,FALSE,2021-04-06 11:59:25,Comuna 20,,,,3.4235397,-76.5622535
ASP-L82BU5GV,Aspirator,TRUE,2021-04-06 13:04:08,Comuna 20,1,1,1,3.4277721,-76.5532889
ASP-FVIJVNCK,Aspirator,TRUE,2021-04-06 13:05:46,Comuna 20,10,10,5,3.42672,-76.556355
ASP-AFZ56SDG,Aspirator,TRUE,2021-04-06 13:08:12,Comuna 20,1,1,1,3.4240929,-76.5545045
ASP-93BVAPY0,Aspirator,TRUE,2021-04-06 13:11:12,Comuna 20,3,3,0,3.42055,-76.5552598
ASP-IUA555LK,Aspirator,TRUE,2021-04-06 13:13:04,Comuna 20,11,10,5,3.4174597,-76.5575746
ASP-89I7V8GA,Aspirator,TRUE,2021-04-06 13:14:22,Comuna 20,1,1,1,3.4178757,-76.5598906
ASP-OJWHR2DM,Aspirator,TRUE,2021-04-06 13:16:15,Comuna 20,4,4,0,3.4205941,-76.5609503
ASP-9WMMBGG1,Aspirator,TRUE,2021-04-06 13:17:26,Comuna 20,1,1,1,3.4199735,-76.5578082
ASP-5VRG43X8,Aspirator,TRUE,2021-04-06 13:20:13,Comuna 20,1,1,0,3.4126871,-76.5564057
ASP-N7S5ZQ70,Aspirator,TRUE,2021-04-06 13:21:29,Comuna 20,2,2,2,3.4158192,-76.5549772
ASP-ZNOU6578,Aspirator,TRUE,2021-04-06 15:48:04,Comuna 20,1,1,0,3.4203393,-76.5659227
ASP-L82BU5GV,Aspirator,TRUE,2021-04-14 12:12:10,Comuna 20,8,8,4,3.4277721,-76.5532889
ASP-FVIJVNCK,Aspirator,TRUE,2021-04-14 12:12:30,Comuna 20,1,1,0,3.42672,-76.556355
ASP-AFZ56SDG,Aspirator,TRUE,2021-04-14 12:12:56,Comuna 20,5,5,1,3.4240929,-76.5545045
ASP-93BVAPY0,Aspirator,TRUE,2021-04-14 12:13:19,Comuna 20,4,4,0,3.42055,-76.5552598
ASP-IUA555LK,Aspirator,TRUE,2021-04-14 12:13:38,Comuna 20,7,7,1,3.4174597,-76.5575746
ASP-89I7V8GA,Aspirator,TRUE,2021-04-14 12:15:03,Comuna 20,1,1,0,3.4178757,-76.5598906
ASP-9WMMBGG1,Aspirator,TRUE,2021-04-14 12:17:38,Comuna 20,2,2,0,3.4199735,-76.5578082
ASP-5VRG43X8,Aspirator,TRUE,2021-04-14 12:18:06,Comuna 20,4,4,2,3.4126871,-76.5564057
ASP-N7S5ZQ70,Aspirator,TRUE,2021-04-14 12:18:22,Comuna 20,5,5,0,3.4158192,-76.5549772
ASP-3KPVU6JR,Aspirator,TRUE,2021-04-14 12:18:40,Comuna 20,0,,,3.41625,-76.5636665
ASP-7L2Q4E8V,Aspirator,TRUE,2021-04-14 12:18:57,Comuna 20,2,2,1,3.4176382,-76.5636675
ASP-S9RUHTV3,Aspirator,TRUE,2021-04-14 12:19:16,Comuna 20,2,2,0,3.4150221,-76.5612278
ASP-8FYFIQZA,Aspirator,TRUE,2021-04-14 12:19:35,Comuna 20,85,10,0,3.4139346,-76.5610643
ASP-OJWHR2DM,Aspirator,TRUE,2021-04-14 12:19:57,Comuna 20,5,5,2,3.4205941,-76.5609503
ASP-QAVTYQOA,Aspirator,TRUE,2021-04-14 12:20:15,Comuna 20,35,10,0,3.4235397,-76.5622535
ASP-N4M1EF1Z,Aspirator,TRUE,2021-04-14 12:20:32,Comuna 20,2,2,1,3.4226836,-76.564239
ASP-BE4OF193,Aspirator,TRUE,2021-04-14 12:20:53,Comuna 20,24,10,3,3.4222257,-76.560137
ASP-J00IVPD3,Aspirator,TRUE,2021-04-14 12:22:02,Comuna 20,13,10,2,3.4236203,-76.5582582
ASP-XUW2X4F7,Aspirator,TRUE,2021-04-14 12:22:19,Comuna 20,2,2,1,3.4232947,-76.5570368
ASP-ZNOU6578,Aspirator,TRUE,2021-04-14 12:22:38,Comuna 20,4,4,0,3.4203393,-76.5659227
